timestamp,emg1,emg2,emg3,emg4,emg5,emg6,emg7,emg8
222716480179,6,-3,0,0,-3,1,0,3
222716480179,-10,3,0,0,0,-2,1,-1
222716481663,25,0,-1,-1,1,-2,0,0
222716481663,-20,-7,0,-2,0,1,3,-7
222716495030,-34,-12,-3,-1,-1,-1,-2,-4
222716495030,18,5,-1,-1,0,1,2,2
222716496634,-1,0,1,1,-1,-2,-2,-5
222716496634,9,0,0,0,1,0,-3,0
222716508759,1,7,-1,0,0,0,-1,1
222716508759,-10,-1,0,-1,-1,3,0,2
222716517693,1,-1,-2,-1,-2,-2,-2,-1
222716517693,8,-1,-1,0,-1,2,2,0
222716532614,-11,-4,0,-1,-1,-5,-11,-3
222716532614,1,6,3,3,1,-4,0,-7
222716534165,-17,-6,-2,-2,-2,-1,2,2
222716534165,11,2,-2,-4,-2,1,0,2
222716555055,7,-1,1,-1,-1,-2,0,-5
222716555055,-13,-2,-3,-1,-2,1,0,-6
222716556674,0,-1,1,0,-1,0,-3,1
222716556674,-1,-1,0,0,0,0,9,1
222716568665,0,0,-2,0,0,0,2,-1
222716568665,-6,-5,-2,-3,-2,-2,0,-2
222716577660,-1,2,1,0,-1,-2,-2,0
222716577660,-12,-3,-1,1,-2,-1,1,-1
222716592619,1,-5,-4,-2,-2,0,4,-5
222716592619,23,-2,-6,-2,0,-2,-2,1
222716594278,-26,0,1,1,0,-1,0,-5
222716594278,-16,1,0,-1,-2,-1,-2,-3
222716622512,28,2,-3,-3,-1,-1,0,2
222716622512,-21,-5,1,-1,1,1,-1,2
222716624144,7,0,-4,0,0,-1,1,0
222716624144,16,5,4,3,0,-4,-8,-2
222716628718,-11,-8,-5,-4,-3,0,-4,2
222716628718,-1,1,-2,-4,-1,2,6,-2
222716637645,2,4,4,2,1,-2,-3,0
222716637645,-4,0,0,-1,-2,-1,0,2
222716652559,13,3,-1,0,-2,-1,1,-1
222716652559,-12,-4,1,1,-2,-2,-4,-2
222716654449,0,-1,0,0,-1,0,1,3
222716654449,15,0,-3,-3,-1,-1,-1,3
222716675146,-19,-2,-1,0,-2,-2,-1,-6
222716675146,-1,-5,-3,-3,-2,-2,-2,-4
222716676647,-2,-8,-3,-1,-1,1,7,-20
222716676647,8,5,2,0,-1,-3,-4,-4
222716688669,6,3,-2,-3,0,2,15,-4
222716688669,4,5,2,0,-1,-3,-6,4
222716697684,-2,-1,-1,0,-1,1,4,-3
222716697684,-5,-7,-3,-1,-1,-1,-2,1
222716712503,12,8,4,1,-1,0,-4,2
222716712503,-3,-4,-1,1,2,0,0,-5
222716714176,17,8,1,-2,-1,0,-1,4
222716714176,-7,-4,-4,-1,-1,1,5,2
222716735025,-6,0,0,0,0,-3,-8,4
222716735025,7,5,0,0,-1,2,0,0
222716736665,-2,-2,-1,-3,-4,0,-2,7
222716736665,6,0,0,0,1,-1,-2,-1
222716748706,-7,-5,-3,-4,-3,-2,-2,0
222716748706,7,-1,-3,-4,-2,0,0,2
222716757644,-5,-3,2,2,-1,-3,-2,-1
222716757644,-3,-1,1,0,0,1,-1,-4
222716772668,14,-3,-2,-2,0,-1,-4,2
222716772668,-6,-1,1,0,0,-2,-4,-2
222716774241,4,4,0,1,1,1,-2,7
222716774241,7,-1,-2,-1,-2,-1,1,3
222716795049,-34,-2,-1,-1,0,-3,-9,-8
222716795049,-7,-1,-2,0,-4,-1,-3,-1
222716796628,13,-4,-3,-2,-1,1,3,4
222716796628,-2,-3,-3,-3,-2,-3,0,3
222716817461,10,1,-4,-4,-1,4,2,19
222716817461,-23,-19,-1,-2,-2,-2,1,-7
222716819115,11,4,-2,-3,-2,1,-1,3
222716819115,-19,3,1,3,0,0,-2,-4
222716831903,9,2,-1,-1,0,-1,1,-4
222716831903,-9,5,-1,-1,-1,-1,-2,-1
222716838715,-1,-5,-6,-4,-1,0,4,0
222716838715,4,3,2,0,0,-1,-2,-2
222716855655,-3,0,0,-2,-1,-1,2,-3
222716855655,14,2,0,1,-1,2,0,4
222716857310,-10,-2,0,1,1,0,-1,-6
222716857310,-9,-2,-2,-1,-1,0,-2,0
222716877612,3,-3,-2,-1,-1,-3,-3,-3
222716877612,6,2,0,0,-1,1,1,1
222716879185,-6,1,-1,-1,0,-3,-4,-4
222716879185,-6,-5,1,-2,-1,0,1,-2
222716892608,8,-1,0,-2,-1,1,2,1
222716892608,-25,-9,-1,-1,-1,-3,-5,-7
222716894131,-12,-2,1,1,-1,0,-1,1
222716894131,-3,3,0,-1,-1,-1,8,-12
222716914976,-7,0,-1,-2,0,1,-1,-4
222716914976,6,0,-1,-1,1,-2,0,-2
222716916623,0,-2,-3,-3,-1,-1,-3,-5
222716916623,3,1,-1,1,-1,1,0,-11
222716937635,-1,-13,-3,-2,-1,1,-4,4
222716937635,-9,3,-2,-3,1,-1,-1,1
222716939177,29,-4,0,-1,1,-1,1,-2
222716939177,-4,1,0,0,-3,-3,-3,-1
222716951900,2,0,-1,1,1,-3,-2,-5
222716951900,8,1,-1,-2,1,1,0,5
222716958707,4,4,1,1,0,0,0,2
222716958707,4,-5,0,-1,0,-4,-9,7
222716974730,3,4,0,1,-2,-3,-3,-2
222716974730,12,2,-1,-1,0,1,5,2
222716982680,-15,2,1,1,1,-3,-4,-2
222716982680,2,-2,-1,0,-1,-1,-3,0
222716997504,-15,-5,0,1,0,1,1,-3
222716997504,4,-1,-1,-1,1,2,1,-1
222716999144,-1,1,0,-1,-2,-1,-2,-2
222716999144,13,-1,0,0,0,0,-1,5
222717011951,2,-6,-3,-2,-3,-5,-6,-5
222717011951,1,10,0,-1,1,3,15,-8
222717018673,-16,-10,-2,-2,-1,-1,-3,0
222717018673,6,5,-1,-3,0,-1,2,0
222717035020,0,-2,-3,0,0,-3,-6,-2
222717035020,8,-1,1,2,-2,-2,-4,1
222717036594,-14,0,2,2,-1,2,1,-3
222717036594,7,-2,-6,-3,-3,-2,-2,4
222717057576,-7,1,-1,-3,-2,0,1,1
222717057576,4,-2,0,0,-2,-2,-6,3
222717059098,-4,0,1,0,-1,-1,0,-17
222717059098,-3,3,3,3,1,1,-4,10
222717071941,1,-2,2,-2,-2,-3,-3,-5
222717071941,-13,-12,-4,-3,-1,-2,-5,-2
222717078669,9,3,-2,-2,-1,0,3,0
222717078669,-26,1,6,1,1,-2,1,-5
222717102608,27,8,1,1,0,-2,1,4
222717102608,-40,-9,-3,-2,-2,-1,-4,-1
222717104129,12,-13,-7,-3,-3,-3,-2,6
222717104129,-5,0,-3,-2,-1,0,0,0
222717117503,-3,-5,-5,-7,-1,2,3,6
222717117503,-2,3,0,-2,0,-2,-3,-2
222717119114,2,9,5,2,1,-3,-1,2
222717119114,3,0,-3,-2,0,0,1,-4
222717131826,-13,-6,-3,-2,-1,-1,1,-2
222717131826,22,4,0,-1,-1,3,8,-4
222717138770,-11,-2,1,-1,0,-1,-7,3
222717138770,8,-1,-1,-2,-3,-2,-4,-4
222717155641,-10,-2,0,-1,-1,-1,0,-2
222717155641,8,3,-2,-4,-2,-1,0,1
222717157249,15,5,1,0,1,1,3,5
222717157249,-44,-17,-5,-2,-2,-1,-2,-9
222717177334,-2,-4,-2,-1,-1,-3,-4,9
222717177334,7,0,0,-1,-2,-2,-5,2
222717183784,-4,9,3,2,0,-1,1,-1
222717183784,2,-5,-3,-1,-2,0,5,9
222717191963,18,1,-1,-1,0,1,2,-3
222717191963,7,0,1,1,1,1,2,2
222717198694,8,-6,-6,-4,-3,-4,-9,2
222717198694,-4,-9,-5,-1,0,-1,1,-9
222717215616,-13,6,0,-1,0,-2,0,-3
222717215616,-9,9,8,2,0,1,-1,1
222717217228,62,-15,-11,-7,-6,-4,-1,0
222717217228,1,3,1,2,0,1,-4,1
222717237565,-4,1,1,0,-1,1,-3,-2
222717237565,-3,-1,-3,-2,-2,-2,-3,0
222717239183,-32,-1,3,1,2,-1,1,-2
222717239183,10,2,-1,-1,-2,-3,-2,1
222717251742,-2,0,0,-2,0,0,-1,-3
222717251742,1,-4,-4,-2,-1,-1,-1,-2
222717260143,-6,-3,-2,0,1,1,3,0
222717260143,7,0,-2,-1,-1,1,-2,-1
222717275025,13,18,6,-1,0,1,2,2
222717275025,-13,-3,3,3,0,-2,-7,-6
222717276651,20,-6,-7,-5,-5,-2,-6,1
222717276651,0,-3,-2,-1,-2,-3,-12,11
222717297453,0,-4,-2,2,-1,-3,-2,1
222717297453,15,4,-1,1,0,0,0,1
222717299105,-23,2,1,0,-2,0,0,-14
222717299105,3,-10,-6,-5,-2,-1,4,-6
222717311121,5,-7,-3,-2,0,0,-2,2
222717311121,9,-1,-3,-3,-3,-2,-2,0
222717320166,-27,5,4,5,1,2,4,-1
222717320166,0,-1,-4,-2,-3,-3,0,-3
222717335106,-5,-3,-1,-1,0,0,-1,-3
222717335106,1,-6,-3,-2,-1,-2,1,-4
222717336682,-2,1,1,0,-2,1,2,3
222717336682,16,13,6,2,0,1,2,-1
222717357482,-12,-10,-2,-1,-2,-3,-6,-2
222717357482,-9,-5,-4,-2,-2,-1,-2,2
222717359060,10,2,0,-1,3,-1,2,0
222717359060,-7,3,2,0,1,-1,1,2
222717371173,-12,-1,-2,-1,-1,0,0,-5
222717371173,16,-1,-1,-1,-1,-1,-2,3
222717380126,-14,-6,-2,-1,-1,0,0,-2
222717380126,12,10,3,2,0,-1,2,-1
222717395137,-18,-2,-2,-3,-1,2,5,1
222717395137,16,7,4,0,-1,-1,-1,2
222717396605,-41,-25,-7,-5,-5,-2,-5,-8
222717396605,-2,-4,-5,-1,0,-1,-2,-3
222717417625,11,6,4,6,3,7,23,7
222717417625,17,10,5,10,12,17,30,21
222717419184,9,17,3,5,2,6,-6,10
222717419184,-13,-3,5,3,14,16,56,-3
222717431282,21,-23,-2,-3,-23,-4,51,23
222717431282,15,24,10,11,11,20,-70,49
222717440108,-31,-14,-22,-28,-17,-57,-95,-78
222717440108,-8,0,-4,-8,-9,-29,-57,15
222717454984,38,27,6,-2,19,59,97,83
222717454984,-59,-64,-33,-13,-11,-63,-68,-16
222717456587,-72,-38,-62,-62,-61,-83,-59,-52
222717456587,36,-16,2,6,1,27,65,35
222717478245,11,25,23,25,34,48,93,67
222717478245,101,62,58,49,30,93,127,127
222717479807,-8,-42,-15,16,37,22,-16,39
222717479807,-41,-75,-46,-42,-75,-109,-113,-128
222717500134,38,55,8,-7,-22,34,32,49
222717500134,16,-17,-11,-28,-2,34,10,49
222717501712,58,127,44,16,-15,-49,-53,-61
222717501712,-105,-73,4,6,22,19,59,-53
222717515021,-17,-9,-14,-3,-22,-77,-128,-75
222717515021,1,-98,-9,16,36,56,69,56
222717516575,74,91,46,31,9,52,51,76
222717516575,-25,-65,-50,-11,38,14,-50,-3
222717537650,33,91,19,-18,-14,-66,-20,53
222717537650,5,27,5,-16,-32,-39,-31,37
222717539202,10,-104,-35,0,10,60,111,23
222717539202,64,30,18,20,4,20,-30,84
222717543599,-63,1,-17,-4,26,9,-54,-128
222717543599,-42,-41,-27,-26,-59,-113,-101,-128
222717552619,6,10,19,9,60,109,103,97
222717552619,14,47,29,13,-21,12,87,5
222717566291,-36,-53,-27,-22,-24,-36,-9,-5
222717566291,7,9,1,1,10,7,-61,-69
222717575120,-4,-25,0,19,37,2,-6,-13
222717575120,35,13,17,24,18,40,109,88
222717588744,-38,-11,-17,-29,-40,-18,-68,-40
222717588744,-33,14,-5,-24,-28,-70,-92,-101
222717597634,-25,-27,-11,-15,-14,9,54,17
222717597634,14,3,-19,-11,13,-9,30,16
222717611315,60,-17,28,43,26,41,-23,84
222717611315,2,53,-1,-3,3,-1,59,1
222717620096,-24,-39,25,14,-5,-5,-4,33
222717620096,-21,-21,-15,-20,-15,-24,-120,-26
222717634288,20,-3,-7,-5,0,-2,-14,-20
222717634288,-6,50,8,4,18,43,76,87
222717641160,13,-29,-9,3,6,-4,-37,1
222717641160,57,-4,26,20,13,39,79,65
222717665101,12,5,8,16,34,46,80,19
222717665101,-18,26,-3,-9,-21,-74,-93,-89
222717666741,-8,2,-7,-16,-42,-25,30,4
222717666741,17,40,13,8,5,-14,-47,-25
222717671090,-9,-76,-42,-39,-57,-30,-32,-11
222717671090,26,37,31,25,28,52,89,66
222717687615,13,102,27,-5,5,-5,-72,-85
222717687615,-58,-64,-34,-23,-7,-9,-19,-65
222717694314,22,16,2,8,21,13,25,3
222717694314,-43,-32,-10,2,-14,-5,60,-21
222717701272,51,16,33,19,6,-4,-38,42
222717701272,21,-1,0,-1,4,18,-67,72
222717717591,-33,70,23,3,-3,-10,-99,-4
222717717591,-7,-97,-38,-13,-8,-22,-32,24
222717719221,-23,51,-10,-17,-17,-17,-21,-34
222717719221,41,-6,-21,-20,-40,-73,-10,29
222717740100,-3,6,55,33,10,38,92,26
222717740100,-52,-22,-32,-30,-5,-12,-20,-42
222717741557,17,8,7,9,13,-5,32,100
222717741557,-6,28,-5,7,23,-30,-15,17
222717755004,0,-11,-21,-51,-104,-10,-18,-10
222717755004,6,8,-2,-7,-8,37,119,9
222717756597,-19,-17,-26,-26,-27,-59,-42,-110
222717756597,-21,27,47,18,31,37,1,-20
222717777490,-20,-77,-40,11,22,-30,-17,-100
222717777490,32,73,-11,7,-9,-2,-37,24
222717779085,-34,-112,-5,12,17,18,-2,9
222717779085,3,7,43,0,-18,9,72,-27
222717800151,-9,61,15,32,57,21,-6,62
222717800151,-43,-36,-15,-17,-27,0,78,44
222717801592,-18,-8,-5,13,10,12,-15,-5
222717801592,-15,27,-1,-1,-12,-31,-118,-90
222717815001,13,-80,-7,9,36,9,-88,-19
222717815001,-32,-46,-33,-32,-26,-4,27,-6
222717816599,57,87,13,4,12,0,8,62
222717816599,-31,-31,7,23,47,37,19,17
222717837602,68,8,-2,-10,-19,-16,25,55
222717837602,0,-51,-20,6,2,0,-36,11
222717839080,-34,26,-18,-49,-64,-14,13,-78
222717839080,51,116,69,61,77,26,20,18
222717860154,-5,41,34,13,-39,-17,18,24
222717860154,38,-58,12,1,30,28,6,-3
222717861651,-1,4,-29,-24,-47,-21,30,71
222717861651,-4,-22,-41,-33,-27,-9,-41,-94
222717882478,-109,-40,-2,26,51,12,38,46
222717882478,-23,-14,6,-2,1,-24,-97,-48
222717884081,16,-84,-30,-13,-16,6,42,40
222717884081,37,127,-3,-13,-30,-35,62,81
222717897454,-80,-128,-10,7,37,22,27,-128
222717897454,9,14,15,0,-7,-21,-2,-25
222717899083,23,6,8,37,67,25,43,39
222717899083,4,-30,-28,-58,-109,-15,30,21
222717920001,31,1,-20,-49,-26,16,55,48
222717920001,36,78,19,-1,-28,20,41,42
222717921597,-63,-79,-37,2,4,-27,-88,-128
222717921597,-5,-6,-61,6,23,0,38,37
222717934765,28,53,53,21,43,-3,15,12
222717934765,16,26,58,16,-29,7,-19,27
222717941188,41,34,51,9,-1,4,-65,40
222717941188,12,1,-3,30,27,53,24,46
222717957233,-56,-81,-63,-35,-30,-76,-124,-105
222717957233,4,-15,-24,1,29,-4,16,14
222717963723,-11,2,0,3,3,12,84,59
222717963723,15,-16,-20,-31,-34,-21,-22,10
222717980098,46,50,12,25,30,23,112,74
222717980098,-20,-7,29,17,-12,-14,-16,-44
222717981611,-31,-17,6,14,-1,17,1,-71
222717981611,16,-29,1,-3,26,-2,-62,-3
222717993755,-63,-73,-50,-24,-46,-41,15,-47
222717993755,38,77,39,20,34,12,30,-7
222718002616,-23,-15,22,6,-4,-2,-68,-13
222718002616,14,-19,9,11,45,34,41,27
222718017564,3,20,7,14,9,19,6,-29
222718017564,-31,2,-23,-38,-89,-57,-119,-25
222718019146,31,109,15,4,34,37,96,40
222718019146,-45,-68,33,21,-2,-12,-59,-42
222718040086,33,8,-3,-15,-4,-7,-14,19
222718040086,11,-17,-7,27,52,37,65,23
222718041548,1,-36,-23,-12,-13,-10,-4,17
222718041548,-27,-6,-12,-18,-30,-4,19,14
222718054333,-7,26,2,-7,-4,-25,-84,-70
222718054333,-5,-40,-12,20,37,29,44,11
222718061165,-6,-17,-6,-12,-4,-26,-42,9
222718061165,53,-2,-5,-5,10,-9,75,7
222718077547,32,69,21,18,-6,41,46,92
222718077547,6,-19,22,23,37,23,-4,-11
222718079048,-27,5,0,-19,-18,-40,-54,-84
222718079048,3,16,-35,58,101,29,56,8
222718100015,1,1,30,-56,-107,-27,-72,40
222718100015,-5,-34,-19,-22,2,-12,51,28
222718101633,53,54,44,18,4,-1,9,42
222718101633,-57,-6,1,-2,-2,-13,-40,-60
222718114273,22,53,34,48,65,48,49,23
222718114273,-11,-4,-22,-17,-30,-7,-46,-14
222718121167,-11,-39,-19,-11,-23,-4,76,10
222718121167,32,31,13,-2,-13,3,-24,-13
222718137412,-24,-66,-34,1,3,10,88,4
222718137412,2,36,3,-8,-9,-5,8,-11
222718143704,12,-9,-6,14,16,7,-37,47
222718143704,-25,-8,21,-10,-3,-15,-27,-8
222718160016,24,-14,-57,-21,-21,-12,2,46
222718160016,38,5,14,6,2,14,8,-1
222718161604,-2,51,0,-16,-23,-6,67,-15
222718161604,-41,-30,25,-13,-47,-15,-17,50
222718174411,-15,10,-34,-4,30,-16,-70,-86
222718174411,-49,-55,-29,-1,4,-9,47,-13
222718181195,34,-2,77,45,45,23,29,35
222718181195,18,43,55,14,-42,24,32,40
222718198874,21,38,18,-2,12,-20,31,43
222718198874,-50,-72,-66,-24,7,-6,-65,-32
222718200820,14,-20,-34,-2,20,23,46,-22
222718200820,-40,-17,-15,-24,-40,-18,-6,-93
222718221330,11,-4,-4,7,13,7,13,28
222718221330,24,59,6,-3,1,-17,-26,-13
222718224600,10,-47,6,39,33,29,-4,55
222718224600,-8,37,-18,-42,-28,-8,15,-13
222718243795,-8,-33,2,56,98,35,-23,-23
222718243795,25,34,20,-38,-55,-1,-29,2
222718245418,-21,-24,-39,-48,-31,-32,11,-19
222718245418,27,37,14,31,24,23,-12,-4
222718257405,-36,-58,11,-21,-32,-29,-45,-36
222718257405,20,31,10,40,50,2,-24,44
222718259041,-29,-24,12,14,15,13,15,-53
222718259041,17,-13,-27,-22,-32,-3,28,40
222718279779,11,28,29,3,3,7,1,8
222718279779,54,87,55,41,25,5,-34,41
222718286213,-92,-95,-51,-27,-37,-12,-8,-95
222718286213,17,-17,-30,-9,18,-11,-6,66
222718293699,6,15,-1,-13,-16,5,28,-3
222718293699,2,-1,-18,-6,1,-30,17,-5
222718302612,45,52,20,16,-9,50,81,64
222718302612,-73,-41,-19,-33,-12,-24,-88,-125
222718317572,-12,-10,-5,-13,-17,-37,-51,-22
222718317572,8,25,51,46,78,37,68,16
222718319108,-13,-4,-80,-44,-62,-24,-34,-7
222718319108,-4,-49,18,-1,10,-2,50,23
222718339990,21,52,0,3,-47,-8,-4,46
222718339990,-30,-68,-109,-60,1,27,56,-37
222718341578,17,48,127,51,39,-28,-113,-63
222718341578,23,39,26,38,33,31,-49,72
222718353714,0,-43,-28,-3,-6,-6,79,-10
222718353714,-8,30,9,20,-4,39,72,64
222718362599,-30,-59,-52,-24,-3,-52,-37,-16
222718362599,-51,-76,-46,-41,-32,-23,32,-6
222718376657,21,42,8,16,36,11,38,26
222718376657,-31,-60,-14,-14,-28,7,13,-76
222718385085,61,95,8,0,-24,-6,33,105
222718385085,-22,-21,7,17,30,9,-24,-12
222718400600,3,-35,-9,-32,-4,-13,51,9
222718400600,-14,-7,-10,-36,-47,-25,-48,-28
222718402239,26,1,-4,-22,-21,18,10,22
222718402239,0,-10,-23,34,22,-7,11,-13
222718414096,-5,-69,-3,9,22,18,43,20
222718414096,44,95,91,19,-10,-34,-107,-17
222718422579,-20,-44,-10,20,32,14,59,19
222718422579,-17,-52,-28,-22,6,8,-56,-5
222718437552,-24,-5,-19,-18,-27,-4,-15,-21
222718437552,2,-8,6,6,-3,-4,13,-50
222718439085,3,48,5,16,23,26,9,22
222718439085,26,2,4,6,8,19,40,11
222718460024,0,0,-7,1,20,11,-38,-90
222718460024,-39,-42,-8,9,-28,-5,-48,-23
222718461626,18,13,-13,-21,-20,3,63,27
222718461626,37,4,-11,-61,-82,-42,-30,35
222718473631,-77,12,27,15,31,18,67,-53
222718473631,31,8,-7,25,73,-8,27,57
222718482604,-9,-71,-8,13,-2,7,57,36
222718482604,2,58,34,-8,-22,6,62,-72
222718497455,26,15,-5,0,-4,13,-39,47
222718497455,-25,-88,-40,2,14,-2,31,0
222718499087,-5,52,2,8,2,-31,-72,-13
222718499087,58,102,98,51,62,57,60,28
222718520555,-48,-65,2,-12,-16,0,-80,5
222718520555,3,10,-7,6,14,10,13,8
222718522013,-5,-87,-23,-8,10,2,-52,-45
222718522013,-32,-36,-46,-15,-1,-23,-19,-37
222718533576,45,71,-7,-11,-49,-2,31,63
222718533576,-28,-13,8,-16,-23,-16,51,-40
222718550083,-76,-29,-22,-18,-8,-47,-85,-128
222718550083,-6,-67,-48,-30,-30,1,82,81
222718557466,21,20,13,17,-8,-20,-1,-10
222718557466,22,56,28,21,34,-4,-41,-8
222718559080,10,19,-8,-42,-86,-21,24,42
222718559080,-14,-38,-16,15,24,19,19,-29
222718580129,18,38,-5,0,0,-8,-43,-7
222718580129,7,-59,28,-12,-9,0,-61,39
222718581727,22,73,72,61,76,12,-21,19
222718581727,-1,41,1,-14,-22,-11,-49,-15
222718593602,-27,-78,-83,-28,-20,-13,-1,-46
222718593602,12,16,-47,8,18,13,-11,9
222718603249,15,8,37,-6,-18,30,96,34
222718603249,-1,46,25,27,45,-54,-91,-70
222718617578,-11,-3,36,3,-12,0,26,17
222718617578,1,-26,-17,-8,32,25,97,86
222718619072,18,-16,-41,-23,-62,-9,-51,-39
222718619072,33,54,12,8,48,18,69,44
222718639134,10,-11,9,21,31,14,-32,43
222718639134,-13,26,7,-46,-119,-69,-92,-68
222718647576,28,-11,-18,34,105,70,127,51
222718647576,-26,58,-2,-41,-80,-33,-48,-28
222718653612,-8,11,21,18,37,-1,-1,8
222718653612,6,-6,12,24,-1,15,56,25
222718662598,42,-44,23,41,36,47,3,94
222718662598,-22,62,58,22,14,-2,-10,-89
222718684938,-62,-65,-71,-49,-30,-55,-13,-7
222718684938,51,63,27,38,21,31,63,86
222718686597,-71,-19,-6,-18,-5,-41,-96,-126
222718686597,63,-20,-25,-2,-9,24,88,127
222718699914,24,45,38,14,-23,13,69,-23
222718699914,-84,-87,-38,-32,7,-17,-57,-71
222718701529,-17,6,-28,-17,16,-9,-17,-38
222718701529,1,-49,-17,2,4,-4,-28,-3
222718722466,27,38,17,8,-15,1,-9,42
222718722466,16,-30,-10,-45,-63,-5,53,61
222718724118,-24,72,13,-1,1,-31,-6,-68
222718724118,-43,-33,-6,5,1,9,-20,-37
222718737564,7,-48,0,-2,8,-7,-53,-40
222718737564,-15,46,-7,10,17,8,-2,49
222718739102,10,-32,30,-17,-23,-4,-50,-40
222718739102,4,-5,-4,32,11,-2,51,-16
222718760024,-11,-39,52,4,6,-1,-34,-14
222718760024,50,85,18,24,12,16,41,29
222718761553,-1,7,-30,-34,-30,-6,-21,42
222718761553,-23,-80,-18,-8,-6,-4,-26,37
222718782569,13,22,1,7,51,15,54,60
222718782569,8,2,8,20,-14,-24,-44,-52
222718784090,8,3,-4,-14,-76,3,73,70
222718784090,12,-7,-15,-40,-7,8,61,13
222718797593,-10,27,-14,24,57,-2,-75,-25
222718797593,-6,-12,2,-44,-37,-11,-8,-25
222718799070,8,12,-4,37,64,5,28,14
222718799070,-28,-13,-14,-21,-49,-1,-1,-24
222718820112,-8,-56,-12,-15,-26,13,34,-9
222718820112,31,24,-15,0,38,26,69,5
222718821557,-33,-36,-5,3,-1,-45,-82,-88
222718821557,3,53,105,16,-2,-16,-2,-32
222718841656,29,17,-99,-2,16,5,-8,23
222718841656,-21,-70,61,17,-3,4,-15,-34
222718850041,-26,-31,-12,-25,-4,-1,-22,43
222718850041,18,80,-18,12,14,-2,-28,-41
222718856776,8,41,-1,6,66,26,-24,5
222718856776,-14,6,14,-16,-104,-23,25,9
222718863593,12,14,9,19,8,8,-19,-49
222718863593,-9,-25,-15,11,39,22,-16,26
222718880089,8,4,-24,-57,-71,-16,11,-47
222718880089,-4,12,-17,30,83,30,30,55
222718881693,-9,-4,16,-7,-13,-23,12,-32
222718881693,-4,-40,-39,10,7,17,21,32
222718902576,14,31,16,-10,-24,-15,15,-21
222718902576,-28,-19,-5,-4,0,4,15,-7
222718904091,19,44,2,-3,-2,2,-5,42
222718904091,10,-62,-13,12,16,-4,11,53
222718916948,-32,3,45,4,-23,-19,-63,-63
222718916948,5,34,-2,17,30,2,-16,-31
222718923564,3,-27,12,27,56,21,35,45
222718923564,32,-20,-22,-29,-50,20,38,84
222718940062,30,107,49,-5,-19,-15,17,9
222718940062,-89,-128,-28,-17,-7,-22,-31,-100
222718941562,36,51,1,60,102,25,7,40
222718941562,-35,-15,-23,-84,-94,-36,-45,-48
222718962467,14,-23,-4,22,12,8,76,52
222718962467,34,45,-1,-7,0,16,38,-24
222718964053,-48,-46,-38,-65,-90,-48,0,-64
222718964053,-4,27,12,33,19,-15,-18,46
222718976826,2,-14,32,42,66,34,35,11
222718976826,11,22,-7,5,-5,-7,-40,35
222718983718,20,-28,-66,-38,-34,1,34,46
222718983718,16,52,28,18,46,19,20,-38
222719000049,-16,-79,27,-6,-11,2,-72,-33
222719000049,28,56,18,35,45,-9,-52,37
222719001564,-35,-30,17,-10,-33,-13,-17,-44
222719001564,10,7,-6,13,21,25,11,18
222719022413,46,34,13,23,11,13,72,96
222719022413,-14,-67,-26,-31,-13,-40,-81,-5
222719024250,-10,-14,-6,-9,-12,11,35,-1
222719024250,-5,5,-6,9,16,-3,39,15
222719036876,-1,-6,-3,15,1,-8,35,57
222719036876,30,-6,-1,-37,-32,29,51,50
222719043744,23,81,7,-2,0,-5,19,47
222719043744,-64,-97,-10,9,22,-24,-71,-85
222719059896,5,23,-12,31,95,15,19,18
222719059896,-25,-7,-17,-81,-108,-49,-29,-30
222719061528,13,16,46,13,65,22,10,34
222719061528,27,34,34,5,16,32,24,15
222719082438,-25,-13,-57,-12,-7,-29,-37,-26
222719082438,43,16,33,83,96,-4,-6,-21
222719084054,-41,-32,-18,-18,-16,2,-18,-6
222719084054,12,26,28,3,-30,17,-9,-17
222719096822,56,19,8,-12,-60,25,29,1
222719096822,-28,-9,10,94,105,-13,-15,14
222719103550,70,16,-19,-43,-77,53,0,-14
222719103550,23,-40,-45,-91,-31,-99,18,-8
222719127516,67,25,16,40,45,20,-17,-13
222719127516,-89,-13,-8,-48,-84,-68,-25,37
222719129103,-21,-41,-12,21,124,28,29,-24
222719129103,2,21,-3,39,26,34,-3,-17
222719142460,29,22,9,-45,-75,0,10,4
222719142460,-48,50,20,53,85,43,-1,18
222719144097,-64,-45,7,42,40,57,33,-52
222719144097,11,-31,-21,-41,-106,-89,-111,-31
222719156048,-2,-12,-15,-31,-46,-21,57,-8
222719156048,43,31,2,-13,-9,34,22,-1
222719165111,0,33,14,-9,-34,-16,-18,11
222719165111,7,11,9,37,68,55,30,-2
222719179977,-61,-16,9,17,29,3,-41,-42
222719179977,23,1,-10,-32,-68,-18,0,-11
222719181540,113,50,15,-9,-24,-18,25,44
222719181540,-104,-59,-11,17,20,-1,-1,-27
222719202460,-49,-68,-36,-31,-27,-39,-54,-62
222719202460,-6,-27,-8,-18,16,31,20,2
222719204034,-27,-1,-4,15,-12,-23,-24,3
222719204034,72,59,19,24,10,21,21,50
222719216168,-35,33,14,-17,-28,3,20,38
222719216168,-91,-88,-36,-22,7,-18,-9,-103
222719225493,37,22,4,2,-6,-44,-32,7
222719225493,-98,-3,9,13,21,6,-34,-23
222719240123,-12,-32,-13,-4,62,25,18,-38
222719240123,48,22,2,-26,-44,3,29,27
222719241549,55,15,-1,-61,-86,-35,-17,33
222719241549,-67,-13,-9,-57,-5,-22,-1,-9
222719262859,20,19,16,17,71,14,9,70
222719262859,18,8,-3,-29,-44,-8,5,-15
222719264495,-13,1,3,18,-1,19,0,8
222719264495,42,23,5,34,24,10,15,9
222719276150,4,-5,2,11,-31,-21,-23,-8
222719276150,44,12,0,46,39,28,44,11
222719285063,-44,-20,-9,20,8,-5,-6,13
222719285063,33,14,-2,15,-4,35,39,4
222719299775,-13,-5,7,23,-6,-25,-35,30
222719299775,18,1,-7,1,-7,-13,-9,12
222719306067,-23,-3,2,12,20,6,11,-10
222719306067,15,9,2,10,11,8,-2,-1
222719322416,13,9,4,-8,-39,-6,2,-51
222719322416,-14,12,11,9,15,23,-3,17
222719324282,45,-14,-11,-5,21,-13,-26,-11
222719324282,-8,-2,-4,-2,-7,3,26,-8
222719336104,31,0,-5,-16,-26,-9,-16,-26
222719336104,11,9,6,4,19,-10,-20,-15
222719352523,-23,-4,4,13,15,8,19,-5
222719352523,27,5,3,2,-2,-1,0,-1
222719359925,-77,-16,-1,3,35,-13,-3,-2
222719359925,18,-13,-18,-34,-47,6,9,-15
222719361533,3,9,7,18,-26,-17,-21,16
222719361533,42,8,-2,-26,-28,-3,-7,11
222719382914,-41,-2,1,3,13,7,18,-40
222719382914,16,3,2,3,1,9,4,65
222719388693,-39,-4,4,11,55,-4,-12,-48
222719388693,85,5,-4,-7,-20,12,-7,4
222719396140,-6,-7,-2,-8,-22,-6,2,23
222719396140,28,1,-3,10,28,6,9,-7
222719405016,-20,-16,-11,-15,-11,0,1,1
222719405016,2,6,0,3,4,-8,-21,15
222719420219,10,1,1,-8,-13,3,-10,16
222719420219,34,7,5,7,14,-1,-10,5
222719421578,-22,5,6,-2,-5,2,7,20
222719421578,30,-16,-13,-6,-2,-12,-8,-19
222719442388,7,-7,-8,-6,-11,12,32,18
222719442388,-11,3,1,3,14,-22,-32,-7
222719444077,-2,7,3,-2,-10,-5,-6,3
222719444077,-76,-25,-6,1,12,-6,2,-28
222719456066,12,10,5,6,-6,1,-4,-1
222719456066,7,17,1,-14,-10,3,4,-6
222719465049,-13,-29,-8,-2,14,5,-4,-8
222719465049,-12,-1,1,17,32,0,13,19
222719479948,-6,1,-1,-13,-30,24,0,1
222719479948,37,0,0,-1,-19,-21,-16,-8
222719481534,-2,1,-3,-12,-20,-5,15,-21
222719481534,-24,-6,0,5,13,-11,-13,-4
222719502544,8,0,1,5,9,4,4,7
222719502544,4,4,2,5,7,11,4,0
222719504029,27,4,-1,2,6,5,4,33
222719504029,-23,-1,-2,-3,-8,-9,-24,-61
222719516204,0,2,-1,-6,-6,-6,-2,-2
222719516204,-26,-12,-3,1,6,1,8,4
222719525048,14,2,-1,2,4,-1,5,4
222719525048,-19,0,2,0,4,10,20,41
222719541323,-3,-4,-5,-4,-10,-34,-27,3
222719541323,-12,-6,-1,7,26,7,8,-16
222719542978,-3,-2,-2,-10,-29,0,1,14
222719542978,-8,10,-1,-4,-8,-1,1,14
222719563674,-7,-14,-7,-5,-2,4,25,-49
222719563674,-8,-3,3,11,16,-5,-14,14
222719565286,-1,1,-2,-7,-4,0,-3,-17
222719565286,-14,-6,0,-1,-8,-2,-10,-13
222719576168,-15,8,6,4,0,-4,-2,18
222719576168,2,-1,2,1,-2,11,8,-5
222719585012,59,7,-4,-2,3,-1,-2,-2
222719585012,16,-10,-5,-7,-10,-1,-5,4
222719600020,6,4,-1,-1,2,5,12,27
222719600020,-5,1,1,-2,0,1,-8,-9
222719601487,-30,4,5,9,8,18,0,9
222719601487,23,-5,1,8,17,-10,-13,20
222719622180,-14,-4,-6,-18,-44,-8,-14,30
222719622180,-17,0,-1,2,-1,-7,0,-13
222719628542,-29,-10,-6,-1,27,9,8,-4
222719628542,19,13,4,-3,-31,-14,-4,-12
222719644965,3,-7,3,7,16,0,-14,-6
222719644965,-16,-9,-8,-12,-17,-11,7,0
222719646532,25,7,2,5,11,6,3,21
222719646532,-13,-14,-8,-3,3,0,3,-9
222719659269,17,15,4,2,-2,-6,0,-11
222719659269,0,-2,2,0,-1,7,4,-3
222719666197,-47,-11,-4,-2,-1,-7,-6,-30
222719666197,32,16,6,3,1,4,3,21
222719682411,6,-3,-4,-5,-5,-7,-5,-11
222719682411,4,5,5,4,7,5,4,-4
222719684039,-4,8,8,2,-2,-1,-10,38
222719684039,11,-11,-5,-5,-9,3,8,-12
222719704903,-2,4,1,9,14,-4,-27,-11
222719704903,-6,1,-4,-5,-6,-2,-4,-6
222719706540,-4,-4,-5,-3,-4,2,7,-15
222719706540,4,12,5,0,2,-3,-11,-24
222719720005,-44,-7,0,6,16,10,20,4
222719720005,22,-1,-1,3,3,-3,-3,-3
222719721485,-36,-18,-10,-16,-37,-14,-8,-19
222719721485,8,6,-1,-3,5,3,13,10
222719742485,42,15,3,6,8,4,-18,9
222719742485,40,-8,-7,-4,-4,-1,7,12
222719744097,-9,-3,-2,4,9,0,-13,-11
222719744097,21,2,2,6,1,6,25,15
222719764077,-56,-13,-3,-5,-9,-9,-6,-27
222719764077,-8,-2,-3,-1,4,6,7,8
222719772501,6,5,1,-1,-2,-3,0,-7
222719772501,-1,-5,-6,-2,-1,-4,-33,-21
222719779772,8,-3,-3,-1,-1,1,8,13
222719779772,-37,-1,1,-1,-4,0,-2,-19
222719787534,-3,-1,0,-1,1,-3,5,-16
222719787534,-15,0,2,1,2,0,-11,27
222719811325,3,-7,-5,-4,5,-3,-1,-10
222719811325,-11,-6,-7,0,6,1,-7,6
222719813028,12,5,3,-7,-23,-18,-7,-4
222719813028,6,2,5,-1,-1,5,10,6
222719825082,-7,8,2,1,5,15,14,-6
222719825082,-12,-15,-3,2,-3,-9,-5,2
222719826859,-13,3,-3,-1,1,-2,-15,-2
222719826859,17,0,2,7,5,-3,-5,-29
222719839532,-17,-5,-1,-1,-7,4,10,-12
222719839532,-47,-4,-1,-4,-4,1,5,-4
222719847459,29,8,-1,1,5,2,13,-5
222719847459,-42,-15,-4,-6,-3,1,6,31
222719861653,-12,-6,-7,-4,-4,-6,-10,-33
222719861653,-24,6,0,-4,-5,-2,-4,-15
222719869988,23,-8,-5,0,5,-2,-3,15
222719869988,-19,2,1,2,1,2,8,-3
222719884980,42,3,2,1,-3,-5,2,18
222719884980,-22,-6,-5,-4,-7,-4,-2,-2
222719886500,-6,5,3,-1,5,5,7,-27
222719886500,-1,4,1,1,-13,-4,-5,-26
222719899207,7,-3,0,6,9,-1,-10,7
222719899207,35,7,-4,1,7,2,-4,-5
222719906073,-17,-12,-6,-13,-27,-4,-11,1
222719906073,17,0,1,-11,-10,-15,-4,6
222719922405,11,4,3,0,-2,7,14,2
222719922405,11,3,5,6,10,-17,-18,10
222719924135,14,5,1,10,16,10,-1,3
222719924135,-11,-3,-6,-4,-1,-16,5,-12
222719944872,7,1,-3,-2,-4,-10,-7,6
222719944872,-22,-5,2,-2,-5,-1,-14,3
222719946541,-13,-5,-2,-1,0,-4,-3,-32
222719946541,14,-1,-2,-2,-1,1,-3,8
222719959358,17,0,-2,-2,-1,0,0,11
222719959358,1,4,1,-3,-5,3,5,-26
222719966101,27,0,-2,0,-2,-3,3,11
222719966101,16,-5,-2,3,8,9,0,20
222719982358,-20,1,4,1,-3,-5,-3,-24
222719982358,-1,-3,2,-5,-7,2,2,-5
222719984029,7,-2,-3,1,3,1,-2,13
222719984029,-15,1,-1,4,3,4,11,-8
222720004893,5,-6,-4,1,4,-7,-5,-17
222720004893,-10,-1,-1,-9,-23,2,4,-6
222720006508,-9,-1,3,3,7,-3,0,6
222720006508,11,2,0,5,6,1,-4,-28
222720019251,-3,1,-2,-8,-16,-2,-13,24
222720019251,8,1,-3,3,12,4,9,5
222720025994,21,10,3,3,-2,-6,-7,-10
222720025994,-49,-18,-8,-14,-16,0,1,-11
222720042350,32,9,6,7,8,-5,-36,14
222720042350,-23,4,2,0,2,2,5,-6
222720044056,4,-12,-5,-4,0,1,4,24
222720044056,6,1,0,3,4,-4,-7,-2
222720064944,1,-4,-2,-2,-5,-2,1,12
222720064944,7,4,0,-2,-2,1,-10,25
222720066555,10,2,2,4,3,0,1,2
222720066555,3,-3,-2,0,2,4,0,16
222720079360,-18,0,0,-2,-3,0,11,-3
222720079360,16,-2,-1,-3,-4,0,7,-1
222720086054,-18,-4,2,-1,1,0,3,-12
222720086054,7,5,2,2,1,3,-1,35
222720102514,7,-1,-3,-4,-3,-1,6,-5
222720102514,3,-6,-8,-1,-1,-5,-5,-6
222720104014,-11,-1,-2,3,10,7,6,0
222720104014,38,14,4,-5,-17,-3,-7,7
222720124823,-27,-12,-1,0,1,-2,2,0
222720124823,11,-6,-3,-2,0,-4,-6,15
222720126478,64,8,0,-2,3,-4,-10,18
222720126478,-47,-8,-3,2,-1,-1,-11,-17
222720138517,15,4,0,-2,0,3,14,29
222720138517,0,1,3,5,0,-3,-3,-16
222720147538,4,1,-1,1,9,2,6,9
222720147538,-34,-2,3,-1,-2,4,15,14
222720162521,11,-5,0,-1,-5,-3,8,6
222720162521,-2,5,1,-1,-1,3,0,-16
222720164054,-9,-4,-3,0,-3,-1,-1,-1
222720164054,7,3,-1,1,4,-3,1,-9
222720184859,-9,-4,-3,0,-3,1,3,-5
222720184859,13,-2,-8,-4,-1,0,3,-9
222720186540,-33,-4,1,-1,-5,-1,15,-15
222720186540,10,1,0,1,1,5,19,17
222720198675,-1,1,1,0,0,1,0,-5
222720198675,15,5,1,-2,0,-1,-27,42
222720215034,-9,-4,-4,-2,-6,-6,-9,-4
222720215034,-20,-14,-5,1,2,0,-25,-25
222720222404,6,4,1,-1,0,2,7,-10
222720222404,4,-3,-6,-4,-2,2,17,-2
222720224035,-34,-1,2,-1,-5,-5,-16,-5
222720224035,6,1,2,5,9,1,-1,24
222720244994,9,-6,-5,-3,-2,-5,-7,-19
222720244994,-12,-6,-1,-3,-5,0,6,-3
222720246610,-6,-4,-4,-3,-2,2,3,3
222720246610,14,16,5,3,2,0,6,-14
222720258547,-16,-15,-5,1,2,-3,-4,-1
222720258547,-2,-3,-6,-4,-3,0,9,-9
222720267536,1,4,4,2,-2,0,5,15
222720267536,34,3,1,0,3,-3,-5,-9
222720282512,-38,-1,3,1,-1,3,-3,6
222720282512,-3,-3,-5,-3,-1,-1,-4,8
222720283986,-1,-2,-1,-1,-1,-1,-13,-4
222720283986,-1,-3,-1,-2,-2,-2,2,6
222720304864,37,9,7,8,3,-13,-34,22
222720304864,-12,-10,-5,-5,1,8,10,-13
222720306550,1,0,-1,-7,-13,-8,-18,-5
222720306550,-7,-1,-2,5,13,0,6,5
222720318630,-12,-3,-7,-13,-30,-3,10,-18
222720318630,17,1,-1,2,3,-11,-6,-3
222720327519,0,0,-4,-4,-3,1,6,-4
222720327519,-11,-2,-2,-2,-3,1,-3,-20
222720342347,-30,-8,-3,-3,4,1,5,-5
222720342347,10,8,5,6,3,-1,-3,-3
222720343973,8,11,7,3,-1,6,11,-3
222720343973,0,-9,-4,-3,-5,-6,-6,-3
222720365015,18,-6,-9,-6,1,0,-4,-12
222720365015,-3,9,3,-3,-3,-1,-12,-6
222720366652,0,-6,0,7,8,-1,-2,24
222720366652,16,10,4,2,-2,0,-10,9
222720378631,5,-1,-1,-3,0,3,13,3
222720378631,-12,-7,-2,-4,-4,1,25,0
222720387516,11,1,-3,-3,-3,-3,-4,-5
222720387516,0,-6,-5,-2,-2,-1,2,1
222720402420,-1,1,1,1,1,3,6,7
222720402420,-11,-4,-1,-3,0,-1,1,-10
222720404028,-6,-2,-1,-3,0,1,7,-5
222720404028,-7,-6,-3,-2,-5,-3,-5,-3
222720424831,0,4,-1,-1,3,-1,0,-8
222720424831,4,0,-2,0,-2,0,12,-11
222720426473,-16,-5,-4,-3,-2,0,-8,-15
222720426473,10,-9,-8,-6,-5,-3,-3,-5
222720438663,16,11,2,1,-1,1,10,11
222720438663,16,10,5,5,2,1,-6,8
222720447543,-97,-44,-12,-7,-4,-4,-4,-35
222720447543,12,0,-6,-7,-5,-2,10,-10
222720462370,8,4,1,3,3,3,0,7
222720462370,5,9,7,4,-1,-4,-24,12
222720464064,9,16,8,6,11,0,1,-6
222720464064,38,-5,1,-1,-5,-2,-16,4
222720484983,-19,-13,-11,-4,-2,-3,-9,-18
222720484983,5,-1,-3,-3,5,2,-7,11
222720486472,18,5,-2,-4,-9,-2,6,-9
222720486472,-23,-2,0,1,6,-1,-12,21
222720498665,5,3,2,2,1,1,7,3
222720498665,-9,-8,-1,0,-1,1,3,-1
222720507517,8,5,0,0,4,-2,-5,-19
222720507517,-15,4,2,-3,-4,0,29,3
222720522315,-3,-2,0,1,0,-1,-3,1
222720522315,-19,-4,-2,0,-2,-5,-10,-12
222720524074,6,-3,-3,-3,-2,-1,2,18
222720524074,-6,1,0,0,-3,-1,1,-9
222720544891,7,2,0,0,-1,1,3,12
222720544891,-20,-5,-2,-1,-1,3,13,-16
222720546558,19,5,-1,2,0,1,-9,26
222720546558,-10,13,10,5,4,2,-1,-8
222720558603,5,-19,-3,-3,-3,-4,-3,-1
222720558603,31,-2,-7,0,6,2,24,2
222720567467,8,0,-3,-8,-24,-1,4,3
222720567467,-8,5,-3,-1,1,0,-1,-16
222720582487,-1,7,6,2,1,-1,-2,-15
222720582487,-21,-9,-4,-6,-8,-1,22,-24
222720584032,-5,1,2,7,7,0,0,-1
222720584032,22,-3,-1,0,5,0,-10,1
222720604857,-12,-1,-3,-12,-15,-5,-1,-16
222720604857,-6,-6,-5,-3,-1,-1,-13,1
222720606494,1,3,0,0,2,-3,0,15
222720606494,-20,-6,-2,-3,-4,-2,10,-32
222720627366,-16,-5,-2,3,16,-1,-7,-6
222720627366,-7,4,-1,-6,-24,-7,-15,5
222720629110,6,2,2,-2,5,1,7,7
222720629110,-22,-10,-4,-1,-3,1,1,4
222720642342,-1,3,-1,1,0,0,2,10
222720642342,3,11,7,5,14,-1,-9,-4
222720644000,-30,-21,-7,-7,-13,-2,0,-13
222720644000,7,2,1,1,-1,-2,-3,5
222720664993,29,-1,-4,-4,-4,0,8,-14
222720664993,-47,3,3,4,6,-2,-14,-1
222720666546,27,-3,-1,-2,1,-3,12,-1
222720666546,-7,0,2,2,2,0,-15,3
222720687427,-2,1,-3,-4,-5,0,1,-2
222720687427,22,3,2,1,-2,-3,-4,8
222720689133,-19,2,-2,0,3,2,2,-11
222720689133,-4,-11,-7,-3,-7,-5,-5,2
222720702419,1,6,2,2,-1,-1,-2,-5
222720702419,9,-2,-3,-2,-2,1,-2,24
222720704047,11,10,2,3,4,1,-5,-2
222720704047,-14,-6,-3,-2,1,0,2,-7
222720724858,-2,4,4,2,1,4,10,4
222720724858,-1,-3,2,2,1,0,6,0
222720726460,35,14,1,3,4,-1,-21,7
222720726460,29,10,3,0,-1,-3,2,14
222720747445,-97,-47,-13,-8,-7,-8,-8,-38
222720747445,49,3,-3,-6,-4,-5,-11,-5
222720748984,26,7,4,5,-2,-1,-5,1
222720748984,-9,0,-6,-5,-3,-6,-4,-4
222720763123,29,18,4,11,35,21,-1,12
222720763123,-68,-60,-21,-9,-17,-10,-12,-34
222720768713,53,7,-2,-19,-52,-8,13,6
222720768713,0,9,4,1,6,7,7,9
222720786263,39,21,8,10,3,-4,4,20
222720786263,10,11,2,7,34,21,10,9
222720787810,-30,-8,-6,-9,-21,-4,-3,-4
222720787810,8,-2,-1,0,-6,-4,-14,6
222720807374,-12,-5,-3,-9,-12,-5,-6,-2
222720807374,17,6,2,7,13,6,27,5
222720809147,-30,-8,4,10,20,10,17,-18
222720809147,-15,-2,2,0,-4,-7,-55,-19
222720821707,1,-24,-18,-19,-20,-44,-49,-26
222720821707,-8,22,0,-1,-10,1,7,-6
222720828676,45,30,21,8,13,20,49,43
222720828676,-53,5,4,3,17,22,69,-15
222720844617,34,-20,16,14,17,27,16,-2
222720844617,-20,-12,-10,-8,-33,-32,-103,-27
222720850990,-55,-52,-54,-51,-34,-104,34,-100
222720850990,39,2,-16,-9,-26,19,22,23
222720867439,40,77,40,22,31,23,-55,27
222720867439,6,13,28,4,-34,34,127,71
222720869018,35,-26,8,23,37,37,-128,39
222720869018,-44,-61,-54,-42,-23,-79,-49,-89
222720881154,34,34,13,-5,-17,31,72,95
222720881154,-33,-56,-48,-30,-14,-52,-118,-83
222720889960,-7,81,33,-1,-20,14,61,45
222720889960,22,-13,-9,-20,-30,-13,-51,-3
222720904836,-103,-69,-58,-12,9,-46,-104,-114
222720904836,8,-21,8,-7,35,20,116,45
222720906533,72,15,23,27,15,17,3,108
222720906533,63,119,66,42,28,34,34,50
222720927482,25,-111,-20,7,4,37,79,79
222720927482,-80,-77,-56,-22,-26,-67,-33,-96
222720928984,3,6,-23,0,18,57,81,41
222720928984,-14,-89,9,25,48,-1,69,5
222720940997,56,127,65,-3,-24,22,-66,1
222720940997,20,6,40,22,-47,5,55,60
222720950028,-32,-1,-36,-71,-80,-89,-89,-93
222720950028,-16,-63,-16,1,22,-13,31,65
222720964937,-16,10,-16,7,-22,30,67,-1
222720964937,-10,-101,-38,-3,54,38,82,79
222720966503,21,81,23,58,59,30,-67,-10
222720966503,-52,-18,-19,-9,-1,14,64,7
222720987350,-24,-32,-85,-47,9,-43,24,-65
222720987350,85,73,59,30,8,43,-1,87
222720989025,21,-6,74,32,23,4,2,22
222720989025,64,38,-73,5,-17,-24,-105,28
222721001021,-22,40,78,37,7,3,39,-49
222721001021,29,50,34,26,26,-5,16,-4
222721010057,-10,6,-27,-23,-25,-12,22,36
222721010057,-24,-89,23,8,33,-6,12,-99
222721024874,-14,-9,-68,-15,0,24,16,-54
222721024874,36,6,-42,-32,-10,15,57,12
222721026577,-36,-15,5,-34,-69,-58,-71,-63
222721026577,72,66,17,-16,-39,126,118,96
222721047301,-55,-49,-33,-30,-25,-117,-120,11
222721047301,-22,-58,4,-8,5,-20,-30,-15
222721048969,40,-26,-23,21,54,22,114,123
222721048969,27,-41,-14,8,11,25,21,80
222721061125,120,110,80,48,23,10,21,127
222721061125,-33,-17,1,-5,12,44,42,-31
222721069964,-128,-128,-84,-31,-8,-35,-57,-127
222721069964,32,24,26,30,-12,1,-30,-24
222721084814,39,18,46,94,107,6,51,15
222721084814,84,63,-43,-74,-92,-44,31,112
222721086466,15,6,13,-19,-31,-25,72,-4
222721086466,-46,37,4,38,65,-2,-7,-84
222721107344,19,-23,-6,-60,-80,-19,-23,69
222721107344,-34,60,40,107,48,33,-37,-87
222721109021,24,-37,-24,-15,-64,-25,-15,-14
222721109021,21,38,14,-16,-12,1,-24,127
222721121103,-22,-6,-19,-29,-21,3,29,-2
222721121103,-35,-54,-14,2,51,-6,-101,-13
222721129977,-6,38,49,-15,12,45,84,-19
222721129977,4,21,-40,3,1,-23,-63,5
222721144898,-20,34,51,28,17,37,13,-63
222721144898,22,-18,-3,16,-1,6,-28,58
222721146541,-17,31,32,8,53,-5,-92,-82
222721146541,15,48,54,60,43,3,84,42
222721167450,-28,-97,-44,-70,-47,-4,-36,-3
222721167450,-1,48,11,-50,-107,-28,7,-42
222721168993,-19,-64,-32,40,103,30,15,-33
222721168993,-86,-27,-30,-74,-74,-40,42,-88
222721181102,27,68,-1,58,48,11,-19,48
222721181102,-83,-65,-65,-51,-32,-13,56,-66
222721190009,-28,31,-12,6,8,4,12,-5
222721190009,3,-53,-1,-13,-32,43,52,24
222721204827,53,97,42,57,53,-2,33,-74
222721204827,-37,-74,33,9,11,-8,-81,-1
222721206479,77,42,0,14,-9,-10,-10,62
222721206479,-64,-49,-73,-68,-33,-46,-100,-97
222721227482,-6,-67,-34,-42,-54,-20,-26,9
222721227482,71,127,46,76,65,19,-105,-32
222721228967,48,14,90,50,27,36,15,28
222721228967,-1,-11,5,14,62,-7,-70,-12
222721240999,-14,-75,-57,-34,-17,-10,7,13
222721240999,21,34,14,-83,-79,-30,-20,-50
222721250072,13,-4,28,73,35,38,34,65
222721250072,36,84,21,-41,-21,-11,-9,-31
222721264055,-60,-71,-24,15,34,12,11,-52
222721264055,3,-33,-38,3,4,-4,-7,45
222721272479,-21,60,-21,-29,-28,-25,8,-29
222721272479,-21,-19,19,33,24,30,8,-93
222721294933,11,-6,-3,-18,-41,-22,23,74
222721294933,42,40,4,25,46,37,73,36
222721296497,-38,-57,-9,-26,-17,-23,-84,7
222721296497,-11,-51,-20,-16,-8,-1,79,84
222721300982,-6,-37,-62,-53,-47,-47,-65,-98
222721300982,106,80,87,66,79,35,95,115
222721309965,-33,-35,12,29,-19,67,64,25
222721309965,-65,-45,42,69,94,-20,-30,-67
222721323893,-26,-17,-30,-69,-91,-45,-25,-39
222721323893,12,27,12,1,57,-7,35,15
222721332454,36,7,-26,-12,-29,-18,-15,-3
222721332454,-14,5,-2,-29,4,4,-20,-4
222721347276,16,-73,-15,-34,8,19,6,66
222721347276,2,104,19,70,62,26,-22,-28
222721349020,-78,-91,-34,-32,-20,-33,1,-46
222721349020,25,17,4,21,-26,-31,-91,99
222721361005,-1,-34,-19,7,36,12,22,6
222721361005,-95,-97,-62,-52,-119,-8,23,74
222721370011,38,17,-29,-5,29,1,-55,-51
222721370011,6,4,63,36,72,19,-1,-47
222721385338,-6,34,18,49,-42,-1,-48,16
222721385338,-11,-62,3,8,87,-23,-86,-76
222721387003,18,8,-11,-70,-77,-25,33,31
222721387003,9,20,-17,-30,-55,-7,-11,30
222721407319,13,80,79,42,82,53,111,82
222721407319,-60,-73,-47,-7,119,-9,-108,-110
222721409000,7,0,-16,82,35,12,39,51
222721409000,67,43,-9,-97,-96,-56,-67,92
222721420974,28,29,19,44,65,34,47,74
222721420974,11,29,-15,-46,-23,-8,-10,-19
222721430073,-41,-55,2,24,100,33,34,-76
222721430073,63,64,36,64,22,32,85,85
222721444185,-95,-56,-3,-9,-15,-4,-42,-65
222721444185,0,103,5,-3,-54,-18,-32,-19
222721450998,-87,-88,-31,-38,-31,-26,-16,-43
222721450998,82,-22,-72,-10,-4,18,-23,34
222721467348,-8,25,-31,-11,-23,-3,-33,-78
222721467348,23,-4,69,13,-1,4,113,43
222721468971,19,77,94,38,39,34,34,28
222721468971,-4,-11,-23,14,-7,-9,68,-56
222721489920,-30,-8,44,-17,-6,6,60,17
222721489920,3,-51,-83,-91,-121,-31,31,11
222721491443,-15,-3,-16,-24,86,-25,-84,-21
222721491443,-1,67,36,13,23,20,63,25
222721504164,24,-46,-9,-18,-39,-41,-73,-86
222721504164,-17,40,-9,22,-15,-30,23,-16
222721510982,97,-13,23,23,-2,44,84,127
222721510982,-34,-8,-37,1,84,35,17,-80
222721527426,22,100,60,49,-3,-14,-54,52
222721527426,-6,-128,-79,-53,-30,-11,-49,41
222721529033,-74,-115,-21,-48,-2,0,14,-1
222721529033,61,89,71,86,19,20,29,19
222721549924,-33,68,-45,-11,30,5,31,-27
222721549924,53,-43,32,109,77,-23,-69,47
222721551445,50,127,26,-91,-90,26,71,53
222721551445,-97,-128,-119,-38,-49,-28,-68,-65
222721572497,22,1,-28,1,-19,15,-38,71
222721572497,-6,-25,36,6,41,7,22,-29
222721574013,-15,51,1,-24,-24,-22,-76,-16
222721574013,8,-30,0,-39,-28,-18,-14,-45
222721587330,-20,4,0,34,51,9,44,-37
222721587330,-23,17,3,35,54,23,10,-10
222721589027,55,88,26,12,-24,15,56,-25
222721589027,-78,-51,-68,-43,-23,-11,65,-7
222721609794,0,-13,45,-40,-35,-35,-70,-81
222721609794,-29,-65,-10,-26,-2,36,30,-39
222721611432,-9,-39,-71,7,3,-30,-44,-42
222721611432,30,125,114,109,95,22,-103,19
222721624292,5,-54,-23,29,63,3,72,11
222721624292,44,127,39,-7,-126,8,39,76
222721630992,-47,-94,-37,1,42,-3,-18,-19
222721630992,-34,-62,-86,-69,-59,-54,-69,-75
222721654844,28,-1,12,11,97,20,34,104
222721654844,25,54,4,17,-15,-11,-41,16
222721656456,13,13,-45,5,-41,8,10,29
222721656456,17,-14,52,-45,-23,12,44,109
222721669965,-2,-22,15,38,16,12,-2,-1
222721669965,-1,-23,-28,-36,-1,4,32,49
222721671483,12,27,29,54,56,1,-12,-12
222721671483,-25,-32,5,-7,-34,-8,14,-28
222721684297,4,39,-23,-20,-6,-10,-18,7
222721684297,-56,7,19,26,41,32,79,10
222721698610,1,-12,-2,17,-3,-18,-59,-47
222721698610,-25,39,63,31,10,-4,-44,-44
222721707327,-11,-30,-4,-26,-29,15,35,8
222721707327,7,-5,-16,6,30,-1,23,26
222721708966,3,43,40,35,72,3,-26,14
222721708966,23,-46,-22,-59,-100,-11,56,43
222721729702,-25,-47,-14,24,101,-11,-90,-40
222721729702,24,36,-1,-45,-68,-25,-1,-20
222721736140,-41,-66,-28,-29,39,14,63,44
222721736140,-39,-47,-39,17,81,2,-38,-71
222721744207,31,26,31,-9,-52,11,65,49
222721744207,4,31,41,23,50,-2,10,-26
222721758498,25,-18,-98,-35,-104,-22,0,68
222721758498,62,116,69,35,50,12,46,83
222721767357,-50,-100,2,-6,1,6,43,-51
222721767357,12,34,69,41,17,-18,-115,-100
222721769053,18,29,31,-1,12,2,-17,-25
222721769053,3,26,-7,23,-9,3,33,-2
222721789928,31,28,-19,-7,-38,-7,27,12
222721789928,-13,-98,-13,-21,-18,4,52,-13
222721791427,-8,46,-34,-14,-37,-9,7,-65
222721791427,-27,-69,-24,-18,37,-35,-110,-44
222721804145,6,38,26,47,15,5,48,60
222721804145,-30,-32,-1,-19,33,20,-24,-92
222721811002,20,22,2,-79,-74,-56,-29,28
222721811002,5,36,10,21,81,36,73,-15
222721827393,5,-14,-11,-6,-8,-5,-42,6
222721827393,10,49,-8,35,42,18,7,31
222721829029,20,-19,38,31,19,22,29,3
222721829029,-30,-10,-21,-19,-42,-10,-10,-43
222721849849,5,-17,2,-19,-18,-10,-41,38
222721849849,21,14,-25,-12,-22,5,24,-35
222721851469,8,11,22,24,24,13,-22,90
222721851469,-55,-62,17,-4,-35,-5,-8,-62
222721864270,26,28,-16,2,50,31,51,-15
222721864270,9,-17,-16,-10,-67,-16,-9,93
222721870978,-16,25,37,44,98,18,5,-18
222721870978,27,12,11,14,-34,28,22,35
222721887406,6,-1,-17,-57,-69,-28,-33,-19
222721887406,-16,-22,-28,-2,8,2,-6,12
222721888995,6,-4,12,-23,52,12,9,-37
222721888995,-7,11,-3,3,-9,-18,17,55
222721909872,55,27,1,0,-4,22,111,74
222721909872,-64,-50,0,-2,25,-53,-92,-58
222721911525,-23,-34,-12,25,13,-7,35,-4
222721911525,22,33,-5,-2,35,9,59,41
222721923440,-10,6,0,2,-22,1,40,25
222721923440,27,33,71,45,55,64,78,48
222721932442,-14,-4,-69,-17,-18,-29,-52,-7
222721932442,-21,-46,-11,-27,-46,-28,-27,-35
222721947449,26,31,45,-3,6,11,-56,-20
222721947449,22,29,32,32,45,-6,-14,46
222721949121,-76,-16,8,-39,-102,35,-41,-66
222721949121,37,3,-21,-39,-8,1,36,74
222721969942,-40,-29,-56,-17,-18,-10,-56,-43
222721969942,10,2,-15,-11,55,9,19,-15
222721971465,32,7,26,32,-7,21,17,100
222721971465,18,30,21,65,40,5,9,1
222721983556,31,7,10,-21,14,-38,-62,-38
222721983556,-28,-27,-24,-32,-28,24,10,-18
222721992439,17,7,0,-2,7,-28,0,-31
222721992439,-46,-10,-3,1,16,14,-34,-3
222722007299,-7,-5,7,-7,-3,-10,15,-2
222722007299,-4,-7,-22,-40,-51,-17,1,-15
222722008971,10,-4,-11,-1,28,18,76,33
222722008971,6,-3,6,-17,-5,-17,-48,-41
222722029787,-3,31,20,13,-20,-31,-110,-82
222722029787,-1,7,-1,10,-7,-29,7,26
222722031416,37,23,24,33,17,27,47,-3
222722031416,-57,-54,-21,-15,-22,-60,-25,-34
222722043540,17,-44,-36,-16,-8,62,39,19
222722043540,74,10,-20,-13,-7,1,0,-9
222722052495,106,59,42,47,34,-5,-16,-20
222722052495,-69,-18,-2,-15,-18,7,30,20
222722067454,32,-7,-12,-34,-34,9,53,-3
222722067454,-38,-4,4,8,16,-1,-36,38
222722068986,13,-46,-25,-41,-43,-92,-71,-38
222722068986,27,13,-11,9,22,-30,36,10
222722089958,16,57,33,34,41,17,37,22
222722089958,-72,-36,-15,-9,2,11,22,-6
222722091437,-99,-62,-27,-50,-51,-7,-24,-79
222722091437,111,21,8,5,3,-8,-23,20
222722103616,-10,-4,-10,-6,-10,-20,-29,4
222722103616,127,50,17,25,0,-4,46,50
222722112442,13,63,34,63,61,30,-15,54
222722112442,-61,-61,-12,-3,-36,13,-25,-63
222722127445,-18,-32,-27,-23,-26,-47,15,-19
222722127445,34,6,-6,3,13,6,-9,19
222722129098,-16,7,3,8,4,4,20,-77
222722129098,71,54,28,55,69,36,14,33
222722149790,8,5,11,48,19,-30,-3,12
222722149790,-110,-68,-51,-116,-121,-32,-49,-76
222722151471,54,10,7,35,22,-5,5,33
222722151471,28,31,5,-10,-15,9,2,28
222722163469,-39,14,21,43,78,65,46,-6
222722163469,-17,-19,0,3,-33,-6,-21,-24
222722172453,22,-1,-7,-19,-15,-33,-4,55
222722172453,-16,1,-4,-4,17,43,-17,-39
222722187413,-22,-19,-17,-20,-28,-21,5,5
222722187413,-12,-11,-1,22,30,5,0,-15
222722188985,1,12,9,-2,1,22,31,38
222722188985,-8,-7,-2,-10,-32,-31,37,61
222722210341,-61,-13,-7,-7,8,12,-26,-79
222722210341,47,12,0,3,-4,-11,8,43
222722216016,-43,-35,-9,-10,-11,4,-19,-26
222722216016,38,46,7,-6,8,5,20,16
222722223442,-5,-32,-7,-3,8,-5,-6,3
222722223442,-12,10,3,10,2,20,2,-26
222722232516,25,-25,-11,-15,-16,-4,-7,-4
222722232516,10,11,1,-15,10,-13,-9,-16
222722246819,-4,13,7,-2,-25,-3,8,27
222722246819,9,-2,0,-10,-14,2,-7,-16
222722253557,-32,1,3,5,17,11,17,-28
222722253557,16,11,6,2,-6,5,-15,-7
222722269901,-10,15,16,17,26,36,18,20
222722269901,15,-30,-13,7,16,-38,-37,-24
222722271474,67,12,-3,-15,-32,9,38,57
222722271474,-21,-20,-10,-5,0,-7,-21,-4
222722293733,29,7,-2,-9,-16,3,9,30
222722293733,-28,18,9,15,15,2,4,-14
222722295382,-39,-4,1,-2,3,0,5,-24
222722295382,50,1,-5,0,-6,13,6,1
222722307313,23,24,17,17,20,-26,-27,92
222722307313,-45,-29,-18,-22,-7,0,11,-63
222722317764,-23,-17,-11,-5,-8,-9,-22,-7
222722317764,17,10,2,0,-25,-6,-4,41
222722331114,-63,-10,-3,-3,6,4,4,-31
222722331114,47,19,13,38,70,33,33,14
222722332678,-1,4,-2,-44,-77,9,-1,-5
222722332678,-46,-5,4,5,11,-18,-21,-15
222722352246,91,-11,-23,-32,-39,-26,-15,20
222722352246,1,6,3,10,12,-2,-12,-47
222722353871,-13,4,5,18,34,22,10,1
222722353871,-5,17,10,3,9,11,6,3
222722366696,33,-5,0,-2,-3,-7,-3,-4
222722366696,-32,-24,-6,-10,-19,-3,-6,12
222722373583,70,22,6,10,20,4,0,8
222722373583,24,-8,-3,-9,-10,-13,-2,35
222722389829,2,6,-4,7,3,-3,-13,-49
222722389829,-31,-2,-3,-11,-16,1,3,30
222722391481,-23,-12,-6,-2,2,-18,-18,-21
222722391481,-15,3,4,8,9,34,54,-9
222722413001,64,-1,-4,-7,3,1,3,9
222722413001,-29,-3,-1,-7,-23,-19,-1,24
222722414572,5,-1,1,9,36,-12,-12,-21
222722414572,-38,-14,-9,-8,-33,7,5,-5
222722427352,30,10,5,1,6,-10,5,15
222722427352,0,0,2,-9,-12,0,-10,-20
222722428894,-17,-6,0,14,34,2,-10,-4
222722428894,12,-3,-5,-13,-13,-12,-2,-18
222722449809,-28,0,1,-6,-31,13,13,-32
222722449809,16,7,3,7,16,-5,-6,37
222722451438,-19,-9,-2,6,-2,3,7,19
222722451438,15,-13,-13,-9,-3,-5,-23,-76
222722463609,-93,-19,-5,-2,8,0,-14,-11
222722463609,33,12,0,1,-2,1,12,34
222722472443,12,9,1,0,-11,-23,-20,33
222722472443,-8,-3,-5,-1,6,2,-7,39
222722486737,15,-8,-4,-4,-4,6,31,9
222722486737,-9,10,5,5,1,3,-2,8
222722493559,1,0,1,-3,-10,0,9,-9
222722493559,16,5,3,0,1,-4,-24,6
222722509801,-27,-1,-2,0,-5,-3,0,-11
222722509801,40,16,8,6,1,-2,9,34
222722511404,-26,-19,-7,-17,-13,10,-27,-28
222722511404,27,-12,-10,-7,0,-9,-12,17
222722532391,-2,2,0,2,7,22,16,20
222722532391,3,-2,-2,0,4,-11,-30,-19
222722534000,17,7,3,2,0,2,5,34
222722534000,-73,-6,0,-1,3,-5,-9,-66
222722547423,41,-5,-3,-2,0,4,0,10
222722547423,23,5,0,-1,-2,-2,3,18
222722549006,-19,13,7,3,0,24,31,23
222722549006,-18,-21,-7,-2,0,-18,-10,6
222722569878,26,3,-6,-3,-1,-7,7,7
222722569878,-20,-2,1,0,-2,15,8,-12
222722571372,-20,-5,-3,-4,-7,-11,-5,-1
222722571372,22,12,9,10,15,7,3,5
222722592462,-20,1,1,-2,-2,-3,-22,-24
222722592462,14,-4,-1,-1,-3,-7,9,6
222722594100,17,2,-5,-6,-15,19,26,-10
222722594100,-40,-1,1,0,8,-4,16,-13
222722606586,19,-6,-7,-3,1,-1,-7,5
222722606586,0,-2,-3,-2,3,-2,-4,-4
222722613535,-35,-7,0,3,12,-4,-5,-7
222722613535,39,2,-2,0,-9,2,13,15
222722637470,-35,1,5,3,-1,6,0,0
222722637470,21,1,-2,-4,-1,-4,-9,-21
222722638984,8,-4,-2,0,-3,-8,-13,-24
222722638984,-17,-4,0,-1,-3,2,-7,-6
222722652504,-3,8,2,2,-1,0,4,-10
222722652504,2,7,5,2,-1,7,17,18
222722654079,-42,-17,-6,-4,-4,2,4,-8
222722654079,53,-11,-12,-8,-2,-10,-28,23
222722666794,7,-2,0,0,-1,-11,-1,-16
222722666794,-12,-3,-4,-3,-8,-7,-2,-2
222722681099,23,13,5,4,5,-2,2,-11
222722681099,-6,0,1,3,3,10,3,32
222722689830,3,2,4,8,11,-14,-28,17
222722689830,6,-5,-4,-4,-10,4,2,1
222722691419,-1,-2,-5,-12,-15,-10,-6,16
222722691419,16,8,0,-2,-2,9,2,-2
222722712685,-35,-16,-8,-4,6,-7,7,0
222722712685,-38,-9,-2,2,-15,-6,-4,-17
222722718486,11,-6,-4,2,7,-11,-17,-24
222722718486,4,6,4,2,-2,-2,2,-6
222722726764,9,7,4,0,-5,6,6,5
222722726764,8,-1,-3,-3,9,6,7,-17
222722733437,-9,-2,-2,-1,-1,-6,-4,1
222722733437,-10,10,2,1,-4,3,8,14
222722749799,-1,-4,2,3,1,5,-3,-34
222722749799,64,5,-3,-3,0,-7,-12,10
222722751720,-37,-11,-5,-2,-2,-5,-2,15
222722751720,7,3,5,6,3,14,8,-20
222722774291,4,-2,-5,-5,-8,-17,-19,2
222722774291,-2,8,4,1,3,6,10,30
222722777737,26,4,-1,-2,1,9,8,-41
222722777737,-22,-5,2,-1,-1,-15,-16,-9
222722795039,-20,-4,-1,-2,-3,3,8,6
222722795039,5,-4,-3,-1,-8,1,3,-5
222722796641,14,13,3,7,8,8,-2,13
222722796641,-2,-8,-5,-2,-4,-13,11,0
222722809899,36,-18,-10,-12,-9,3,9,-10
222722809899,-6,6,1,12,23,-10,-23,-3
222722811558,2,-3,-3,-17,-31,-13,-10,10
222722811558,6,7,-1,1,-12,0,4,-13
222722832238,-9,1,-1,3,1,0,5,0
222722832238,-19,-5,-5,-8,-7,4,6,-8
222722833856,5,-2,-1,3,5,-6,-4,1
222722833856,-15,-4,-3,-1,2,1,-8,-12
222722846614,-27,5,4,1,1,0,-2,9
222722846614,10,-14,-7,-4,-7,12,22,13
222722853433,24,-1,-6,-3,0,-23,-29,-5
222722853433,9,-1,-4,-3,-2,-2,2,11
222722869958,-11,-1,0,2,2,1,-3,6
222722869958,-15,5,2,-1,1,-4,-6,-13
222722871486,2,0,2,3,2,3,7,8
222722871486,6,0,-2,-1,1,1,2,0
222722899862,2,4,2,1,-3,-3,-6,4
222722899862,-10,1,2,0,-2,-3,-1,-11
222722900588,3,0,0,1,3,7,9,7
222722900588,-3,-7,-2,2,0,2,-10,4
222722905999,-27,-3,-2,-3,-4,-7,-3,6
222722905999,8,-1,-1,2,3,-13,-24,14
222722914227,-6,2,1,0,3,-1,-7,8
222722914227,-1,0,-2,-2,0,3,5,20
222722929178,-7,-5,-1,-3,-3,16,8,-35
222722929178,-9,2,3,3,2,5,-1,19
222722929843,18,-1,-5,-4,-2,-4,-4,-38
222722929843,-4,0,0,-1,0,-4,-8,4
222722959768,-12,-3,-2,-5,-5,2,-1,1
222722959768,-16,-1,0,-1,0,-4,1,-7
222722960625,37,-1,-2,-1,1,3,6,17
222722960625,-13,-4,-1,-2,-2,2,-3,-31
222722965986,5,3,1,2,0,-7,-5,-2
222722965986,-8,2,-1,0,0,-1,-1,-12
222722974212,-29,-7,-1,0,0,0,3,8
222722974212,6,6,0,-2,-1,-4,4,3
222722989232,7,-1,0,0,-1,2,2,6
222722989232,-30,-5,-1,-2,-2,-2,3,1
222722989893,0,-7,-5,-2,-2,2,0,-12
222722989893,14,6,6,4,2,-4,-4,-6
222723011596,-34,-5,0,1,-1,-2,5,-5
222723011596,1,3,1,-1,1,2,0,-20
222723012413,-18,1,1,0,3,12,22,-3
222723012413,-40,-14,-8,-5,-8,-11,-18,-4
222723025987,11,1,-2,2,2,3,-22,16
222723025987,23,-1,-2,-2,-1,-7,-5,5
222723034091,-23,-1,-3,0,1,3,7,2
222723034091,24,8,2,0,2,3,7,2
222723049091,3,-3,-1,-1,-1,-4,2,-2
222723049091,2,-2,-4,-3,-2,-1,2,-4
222723050047,-3,1,3,2,-2,3,-2,29
222723050047,-15,1,0,-4,-3,-9,-9,-49
222723071603,15,-4,-3,-1,-1,-4,0,15
222723071603,-9,1,1,-1,-2,17,9,-4
222723072381,48,-5,-5,-3,-4,-20,-10,5
222723072381,-14,-4,-4,-3,-2,-2,-1,4
222723086103,-4,8,2,0,0,3,8,-5
222723086103,15,-6,-2,0,-3,-5,-4,-4
222723094084,-14,3,3,3,1,3,-5,-26
222723094084,2,-1,1,0,1,3,-3,19
222723109167,29,1,-2,-1,-2,-6,-4,9
222723109167,-16,-4,-2,-2,0,0,2,-18
222723109907,-27,-4,-3,-2,0,-1,-4,5
222723109907,36,0,1,2,1,-8,-2,8
222723139957,-8,2,-2,-7,-4,9,18,-3
222723139957,2,-1,4,4,1,-14,-10,13
222723140543,-25,-4,-3,-3,-1,-1,-6,-24
222723140543,3,0,-2,-1,1,0,2,1
222723154804,-11,-3,-1,-3,-1,-4,-3,-3
222723154804,-3,3,0,-2,-2,2,2,-3
222723155592,11,2,1,0,0,0,-1,2
222723155592,-39,-14,-5,-4,-2,0,5,0
222723169194,24,5,2,2,-1,-10,3,8
222723169194,-14,-4,-2,-2,-4,-4,-8,-19
222723169878,7,3,1,-1,-1,-3,-3,3
222723169878,-10,1,0,-1,0,1,-3,-12
222723192080,10,4,1,2,3,2,-1,16
222723192080,10,0,-1,1,0,-1,3,3
222723199176,-9,-8,-7,-6,-5,0,-1,6
222723199176,6,1,-3,-3,-3,9,10,9
222723214932,-34,1,4,-1,1,-4,-5,-28
222723214932,39,4,-2,0,3,-2,-16,28
222723215592,2,-1,2,2,0,-3,-5,-4
222723215592,1,-4,-3,0,1,2,2,9
222723237292,9,1,1,1,1,3,-4,-10
222723237292,-9,-1,-1,-2,-2,-12,-5,4
222723238061,-4,-2,-1,-2,-2,6,0,-17
222723238061,3,0,-2,-3,-1,-2,2,2
222723251702,2,-1,-2,0,-1,0,4,-8
222723251702,-18,3,3,2,2,19,10,-9
222723252395,44,2,-1,0,-1,-18,-17,6
222723252395,-17,-2,2,2,0,1,1,2
