timestamp,emg1,emg2,emg3,emg4,emg5,emg6,emg7,emg8,
2204260429,-2,0,-1,-1,-2,-2,-7,-4,1
2204260429,-1,-1,-2,0,1,-2,-1,-2,2
2204262031,1,-1,-1,1,0,1,3,3,3
2204262031,-3,0,-1,0,0,1,-6,-15,4
2204274678,-1,-1,-4,-2,0,-1,6,9,5
2204274678,-5,-2,-3,-1,-2,-3,-5,-6,6
2204289062,-2,-2,-1,-3,-1,-1,-4,-2,7
2204289062,2,0,-1,0,-1,1,1,1,8
2204297867,1,-1,1,-3,-3,-1,0,-2,9
2204297867,-2,0,0,0,-1,-1,-2,-1,10
2204299443,-1,-1,-1,0,2,1,0,-1,11
2204299443,-1,0,-2,-1,-2,-2,3,-1,12
2204327826,-1,-1,-1,-1,-2,0,-2,-4,13
2204327826,0,-1,-1,-3,0,-1,1,2,14
2204329411,-1,-4,-1,-3,-2,-1,-3,-4,15
2204329411,0,-1,0,-1,1,0,1,3,16
2204333988,0,0,0,-2,-1,-1,-2,-1,17
2204333988,2,-1,-2,-1,-1,0,2,-2,18
2204343825,-2,0,-2,-1,-2,-6,0,-1,19
2204343825,-2,-1,-1,-1,-1,-2,-9,0,20
2204357956,-1,-1,-2,0,-1,0,4,1,21
2204357956,0,0,0,-1,-1,0,3,0,22
2204359517,-4,-3,0,-4,-3,-3,-10,-6,23
2204359517,-1,-2,-2,-1,0,-1,-4,-5,24
2204380321,-2,-1,-2,-1,-1,-3,-3,-3,25
2204380321,1,0,-2,2,0,2,4,4,26
2204381947,0,0,-1,0,0,0,-1,0,27
2204381947,-1,-1,0,-1,0,-1,0,-1,28
2204393990,-2,1,-1,-2,-2,0,2,0,29
2204393990,-2,-2,-2,-1,-1,-2,0,-1,30
2204403056,1,0,1,0,-3,-1,-1,-3,31
2204403056,0,-1,-1,0,-1,-1,0,-1,32
2204417984,0,-1,-2,0,-1,-2,-2,-2,33
2204417984,-2,0,0,-2,0,0,0,1,34
2204419464,-2,0,-2,-1,-2,-2,-1,0,35
2204419464,-1,-3,-1,-2,-1,-1,4,2,36
2204440587,0,-1,-2,1,-1,-1,-2,-2,37
2204440587,-1,-1,0,0,-2,-1,-1,-3,38
2204442137,-1,-1,0,-2,0,1,0,0,39
2204442137,-2,-1,1,0,-2,-1,1,1,40
2204462823,-1,-2,-1,-1,-2,-3,4,0,41
2204462823,-1,-1,-2,-2,0,-1,-14,-3,42
2204464458,0,-1,-1,-1,-1,-1,10,2,43
2204464458,-2,-1,0,2,0,-4,-1,-5,44
2204477804,-1,-2,-1,-1,0,0,0,2,45
2204477804,-1,-2,0,-1,-2,0,0,-8,46
2204479605,-1,-1,-2,1,1,-1,1,3,47
2204479605,1,-1,-1,-2,-3,1,2,2,48
2204500765,-2,0,0,-2,0,-1,-5,-4,49
2204500765,-2,1,0,1,-2,-1,1,1,50
2204502493,0,0,0,-1,-1,-2,-4,-4,51
2204502493,0,-2,-3,-2,-1,-1,-2,-1,52
2204513967,0,0,-1,-2,0,-1,-2,1,53
2204513967,-2,0,-1,-1,0,2,3,-3,54
2204530465,-2,0,-2,0,-2,-2,-5,-1,55
2204530465,-2,0,-2,-1,-2,-1,-3,0,56
2204537770,1,-2,-1,-2,0,2,3,2,57
2204537770,-2,-2,0,-1,-2,-5,-6,-6,58
2204539418,-2,0,-1,0,-1,1,1,-1,59
2204539418,-1,0,0,-1,0,0,1,0,60
2204567979,-1,0,-2,1,-1,0,-5,0,61
2204567979,1,-1,-2,-2,-2,0,8,5,62
2204569468,0,-2,0,-1,0,0,-5,-1,63
2204569468,-1,-1,0,0,-1,-1,-3,2,64
2204573954,-2,0,-1,1,-2,-1,-1,-2,65
2204573954,-2,1,-1,-1,1,-2,0,0,66
2204582988,0,-1,-2,-1,0,-1,-2,-1,67
2204582988,-2,0,-2,-1,-1,0,1,-2,68
2204597817,-1,-2,-1,-2,-1,-3,2,-2,69
2204597817,0,-3,-2,-2,-2,0,0,0,70
2204599404,-1,1,0,0,-1,0,0,-1,71
2204599404,-2,-1,-2,-1,0,-1,0,-1,72
2204620460,0,-1,-1,0,0,-2,-2,-2,73
2204620460,-2,-2,0,0,-1,-1,-4,0,74
2204621937,-1,-1,-2,-1,-3,-1,0,0,75
2204621937,2,-1,-2,-2,-1,0,1,2,76
2204633920,0,-1,-2,-1,-2,-3,-2,-6,77
2204633920,-1,-1,-1,-1,0,-1,-4,2,78
2204642960,-2,-2,-2,0,-1,0,5,-5,79
2204642960,-4,-1,-1,-1,-3,-3,8,2,80
2204657863,1,0,1,-1,0,0,-6,0,81
2204657863,0,0,-3,0,0,-3,3,0,82
2204659476,1,-1,0,-1,0,1,-4,-1,83
2204659476,1,-2,0,-1,-1,2,0,3,84
2204679368,-1,-2,-1,-2,-1,-1,0,-1,85
2204679368,-3,-1,-1,0,-2,-1,-1,-3,86
2204687964,-2,-2,-1,0,-1,-3,-2,2,87
2204687964,0,-2,-1,-2,-2,-2,-2,-3,88
2204693971,0,-1,-2,-1,0,-1,-2,-1,89
2204693971,-1,0,0,-2,-1,-1,-2,-1,90
2204702929,-1,0,-2,-2,-1,1,3,1,91
2204702929,-1,-1,0,-1,1,-2,0,-2,92
2204717964,-1,-2,0,0,-1,0,-9,-1,93
2204717964,-1,-2,-1,-1,0,0,0,1,94
2204719458,1,-1,0,-1,-2,0,0,0,95
2204719458,0,-1,-1,-1,0,-1,-1,-1,96
2204740280,0,-1,-1,0,0,1,0,1,97
2204740280,-3,-2,-1,0,-1,-2,-1,-10,98
2204741962,0,-1,-1,-2,1,-1,0,1,99
2204741962,-1,1,-1,-1,-1,1,-4,2,100
2204762832,-2,-1,-1,-1,-2,0,2,-1,101
2204762832,1,-2,-1,-1,-1,2,4,3,102
2204764559,-3,-2,0,-1,-1,-5,-8,-5,103
2204764559,-1,-1,-1,-1,-2,-1,-2,3,104
2204777783,-1,-2,-1,-3,0,-1,4,-1,105
2204777783,1,0,-1,0,-2,-3,2,-3,106
2204779412,1,0,0,-1,1,1,-2,0,107
2204779412,0,-1,0,0,0,2,-4,-2,108
2204808564,-3,0,-1,1,-1,0,-1,-3,109
2204808564,0,1,-1,-2,-2,-5,-11,1,110
2204810268,-1,-1,-2,-2,0,1,-3,-10,111
2204810268,2,0,0,-1,-1,-2,4,5,112
2204822944,-4,-2,-1,-2,-1,-1,1,-15,113
2204822944,-1,-2,-1,-2,0,0,-3,1,114
2204824452,-3,-3,0,-1,-2,-2,1,0,115
2204824452,1,0,-1,0,-1,-2,-3,1,116
2204837602,2,-1,0,0,-1,-1,6,3,117
2204837602,0,0,-3,-1,-2,0,-5,1,118
2204844048,-1,-2,0,-2,-1,-1,0,-2,119
2204844048,-2,-1,-1,-1,0,1,1,-5,120
2204860462,1,-1,0,-2,-2,-2,0,5,121
2204860462,-1,0,-2,-1,-1,0,4,-1,122
2204861977,1,1,-2,0,0,2,-1,3,123
2204861977,-4,-2,-1,-2,-2,-6,-14,-5,124
2204882836,-1,0,-1,0,-3,-1,4,0,125
2204882836,0,-3,0,-2,1,-1,-3,-1,126
2204884425,0,-1,0,-1,-2,2,2,2,127
2204884425,1,0,-1,0,0,-1,4,-1,128
2204897784,-2,0,-2,-1,0,-1,-3,3,129
2204897784,0,1,-3,-1,-1,-2,0,-2,130
2204899411,-1,0,-1,0,-4,-2,-2,1,131
2204899411,2,0,0,-1,-2,-1,1,0,132
2204920295,0,-2,-1,-1,-1,-2,-9,-3,133
2204920295,-1,0,-1,-1,0,0,0,1,134
2204921950,-2,0,-1,-1,-2,-2,-1,-1,135
2204921950,0,-1,0,-1,-1,1,0,2,136
2204950372,-1,-2,-1,-2,-1,0,-5,-6,137
2204950372,0,-3,0,1,-1,1,0,-2,138
2204951929,1,-1,-2,0,-1,-1,-2,3,139
2204951929,-1,-2,-2,-1,-2,-1,6,-3,140
2204957295,1,1,-1,0,-1,0,0,3,141
2204957295,-1,0,-1,1,-1,-2,1,-2,142
2204963929,0,0,-2,-4,0,-1,2,0,143
2204963929,-1,-1,-1,-1,1,1,0,-1,144
2204980049,0,-1,-2,1,-1,-2,2,2,145
2204980049,0,0,-1,-1,-2,1,-4,-1,146
2204986470,0,0,-1,1,-1,0,-3,0,147
2204986470,-3,-1,-2,-1,-2,-3,-2,-7,148
2205002835,-1,-2,0,-3,-2,-1,-2,0,149
2205002835,0,-1,-1,-1,-1,1,0,-1,150
2205004433,1,-2,0,-1,-1,-1,2,2,151
2205004433,-1,-1,1,-1,-2,0,-5,-1,152
2205017093,0,1,-2,-2,0,-3,-3,-5,153
2205017093,-1,0,-1,-2,0,1,3,3,154
2205023937,0,-2,1,-1,-1,0,2,4,155
2205023937,-1,-2,0,0,-1,0,-6,-7,156
2205040260,-2,-1,-2,-3,-2,-1,-1,-1,157
2205040260,1,-2,0,-1,0,-3,0,-1,158
2205041914,-4,0,0,0,1,0,-4,-3,159
2205041914,1,-2,-2,0,0,0,1,4,160
2205062795,2,1,0,0,1,1,0,2,161
2205062795,-1,0,-2,-2,-1,0,0,-1,162
2205064416,-3,-2,0,-1,-2,-1,-4,-9,163
2205064416,-3,-1,-3,-1,-3,-3,-3,-1,164
2205077183,0,-1,1,1,-3,0,-2,-3,165
2205077183,-2,-3,-1,-1,-2,0,2,0,166
2205091469,-2,-1,-2,-3,-3,-4,2,-1,167
2205091469,-2,1,-1,-1,0,-2,-6,-2,168
2205100274,0,0,-1,0,-1,-1,2,1,169
2205100274,0,0,1,-1,-2,-1,3,-3,170
2205102004,0,-1,-1,0,-2,-1,0,-2,171
2205102004,1,-1,0,-2,1,0,-2,3,172
2205122777,-4,-2,0,0,0,0,-1,0,173
2205122777,-1,-1,1,-1,-1,-2,1,-1,174
2205124402,-1,-1,-2,0,-1,-2,-3,-4,175
2205124402,-2,-1,-1,-2,-3,-2,-2,-3,176
2205137197,0,0,0,1,2,1,-3,0,177
2205137197,-1,-2,-1,-1,0,-1,-2,-2,178
2205143896,0,0,-2,-1,0,-2,2,2,179
2205143896,-2,-1,-1,-1,-2,0,3,3,180
2205160866,-1,1,-3,0,0,0,-1,-2,181
2205160866,-3,0,-1,-2,-3,0,-5,0,182
2205162453,-1,0,-1,-1,1,-2,2,1,183
2205162453,0,-1,-2,-2,0,-1,0,-3,184
2205182786,-2,0,-1,-2,-2,-3,-1,-2,185
2205182786,0,-1,1,1,-2,-1,-1,0,186
2205184426,0,-1,0,0,-1,3,2,-2,187
2205184426,1,-1,0,-2,0,0,-3,-4,188
2205197095,-4,-2,-2,-2,-3,-5,4,2,189
2205197095,-1,-1,-2,-2,-2,-1,-2,-2,190
2205203939,-1,-2,-1,-1,-1,0,-1,-3,191
2205203939,0,1,-1,2,-1,0,4,4,192
2205220315,0,-1,-2,1,-1,-1,-1,-1,193
2205220315,-2,-2,-1,0,0,-1,1,1,194
2205222053,-2,-1,-2,-1,-1,-3,-1,0,195
2205222053,-1,-2,0,-1,-1,0,-2,-1,196
2205242789,1,0,0,0,-2,-1,-5,-1,197
2205242789,-1,-3,0,0,0,-2,-2,-1,198
2205244512,0,0,1,-2,1,0,-2,2,199
2205244512,-1,-3,-1,-1,-1,-2,-2,-4,200
2205256441,-2,1,-1,0,0,-1,-2,-4,201
2205256441,0,0,-2,-2,-2,-1,0,-4,202
2205265399,1,0,-1,-2,-2,1,-2,2,203
2205265399,-3,-2,-3,-1,-1,-2,-1,-1,204
2205280295,0,0,-2,-2,-1,1,1,1,205
2205280295,-2,-1,0,-1,-1,-3,1,2,206
2205281892,-3,0,-1,-1,-2,0,-5,-10,207
2205281892,0,1,0,0,-1,1,0,2,208
2205302795,0,-2,-1,0,-1,-1,-1,-1,209
2205302795,1,0,0,0,0,-1,-1,-1,210
2205304436,-1,-1,-3,-2,-2,1,-3,-1,211
2205304436,-3,-1,0,0,-1,-3,0,-2,212
2205316389,4,1,0,-3,-2,-1,-4,3,213
2205316389,-2,-1,-1,-1,-1,-2,5,-1,214
2205340804,-5,-6,-1,-2,-1,-3,-4,-3,215
2205340804,-3,-1,-1,-1,0,2,0,0,216
2205341559,2,0,0,0,2,-2,-4,3,217
2205341559,2,0,-2,-1,-1,0,-3,-1,218
2205346412,6,0,1,0,0,0,3,6,219
2205346412,0,-1,2,-2,0,-2,-4,-4,220
2205362862,-3,-2,0,0,-1,0,3,3,221
2205362862,1,0,-1,1,-1,1,-3,-1,222
2205364448,-2,0,-2,-2,0,-2,-1,0,223
2205364448,2,-1,-2,-1,-1,0,-1,2,224
2205376555,-2,-1,-1,-1,-1,-1,2,-2,225
2205376555,-2,-1,-1,-1,0,-1,1,0,226
2205385476,-1,-1,-2,0,-2,-2,-4,-6,227
2205385476,0,-1,0,-2,-2,1,1,2,228
2205400362,-1,0,1,-2,-2,-1,1,2,229
2205400362,-2,0,-1,-1,0,2,-4,-3,230
2205402162,-1,-1,-1,1,0,0,1,-3,231
2205402162,1,1,0,0,0,-1,1,1,232
2205422567,-2,-3,-1,-1,-1,-2,-4,-3,233
2205422567,-2,0,-1,-1,0,-1,0,-1,234
2205430497,-1,-1,1,-2,0,-2,0,-1,235
2205430497,-1,-2,-2,-1,-1,1,1,0,236
2205436432,-1,0,0,-2,0,-1,-1,-2,237
2205436432,0,-1,-2,-3,-1,-3,-1,0,238
2205445540,1,-2,0,-1,-1,-2,-1,2,239
2205445540,-2,-2,-3,-3,-1,-3,-2,-4,240
2205460713,-2,-2,-3,0,-1,1,0,-1,241
2205460713,1,0,0,-1,-1,2,0,-1,242
2205466458,-3,-1,-2,0,-2,-1,-7,-5,243
2205466458,0,0,-1,0,0,0,2,1,244
2205482770,-1,-1,-1,-1,-1,-2,-2,-2,245
2205482770,-2,-1,0,0,0,2,0,0,246
2205485603,1,0,-1,0,-1,0,4,4,247
2205485603,1,-1,-1,-2,-3,-3,-9,-19,248
2205496390,0,-4,0,0,-1,1,1,3,249
2205496390,0,-1,-2,-2,-3,-6,-2,-4,250
2205505662,-1,0,-1,0,1,1,5,2,251
2205505662,1,2,1,1,-2,0,1,3,252
2205520360,-1,-1,-1,-1,0,-3,-1,-1,253
2205520360,-2,-2,-1,-1,-3,-1,-3,-4,254
2205522499,0,0,0,-1,-1,-1,-2,-1,255
2205522499,-1,-3,-2,-2,-2,-2,-1,-2,256
2205550274,-1,0,-2,0,-1,0,-3,-3,257
2205550274,1,-1,-2,-1,-1,-2,-1,4,258
2205552637,-1,0,-3,-2,1,2,-1,3,259
2205552637,-5,-3,-3,-1,-3,1,0,-4,260
2205556405,0,0,-1,-1,-1,-1,-3,-6,261
2205556405,4,-1,0,-1,-1,0,0,2,262
2205572912,-3,1,0,1,-1,-1,-2,-2,263
2205572912,4,-2,1,1,1,-1,1,5,264
2205580282,-9,-2,-1,-1,-2,-1,-3,-5,265
2205580282,-3,-2,-1,-1,-2,-2,-2,-5,266
2205581930,3,-3,1,-2,-1,-2,0,0,267
2205581930,13,4,1,0,-1,2,4,12,268
2205602752,5,0,0,-2,-1,-4,-2,3,269
2205602752,-19,-6,-3,0,2,-3,-2,-13,270
2205604854,-18,-5,-2,0,2,1,-4,-13,271
2205604854,-5,-3,-2,-1,-2,-4,-2,-6,272
2205616509,6,1,0,0,-1,1,4,6,273
2205616509,17,5,-1,-1,0,0,2,12,274
2205625500,11,2,-1,-1,0,0,-1,6,275
2205625500,-26,-3,-2,-1,-1,-1,-1,-6,276
2205640286,2,-5,-4,-4,-1,2,-1,-6,277
2205640286,-1,-2,0,-1,-1,0,-1,1,278
2205641959,3,0,0,0,-2,-2,-1,1,279
2205641959,6,1,0,-1,0,-1,2,7,280
2205662740,-5,0,0,0,0,0,-1,-2,281
2205662740,-2,0,-1,-2,1,-1,-1,-3,282
2205664331,2,0,-1,-1,-2,-3,2,-1,283
2205664331,1,-1,0,1,-1,-1,-1,-2,284
2205676516,-2,-3,-1,0,-1,1,1,-1,285
2205676516,3,-4,-2,-1,-1,-1,-3,0,286
2205685451,-6,-2,1,-3,-2,1,-1,-2,287
2205685451,2,1,-1,-1,0,0,-2,0,288
2205700250,8,6,3,1,1,1,1,1,289
2205700250,-10,-6,-3,-2,-5,-1,-4,-5,290
2205701904,-30,-9,-7,-3,-2,-2,-5,-9,291
2205701904,1,-2,-3,-1,1,-1,0,-1,292
2205722732,3,1,-1,-1,1,-1,0,6,293
2205722732,7,5,1,2,1,2,3,1,294
2205724398,6,-2,1,1,0,0,0,-3,295
2205724398,-9,-2,-2,-1,-2,-1,-4,-4,296
2205745265,-3,-2,0,-1,-1,0,-1,-1,297
2205745265,-2,-2,0,0,0,-1,0,-1,298
2205747359,8,1,-1,-1,-2,-2,-1,0,299
2205747359,0,-1,1,0,0,-3,-3,0,300
2205760253,-2,-1,-2,0,-1,-3,-2,-1,301
2205760253,-2,-1,0,-2,-1,-2,-1,0,302
2205761901,3,-1,-1,-2,-3,-1,1,0,303
2205761901,2,2,0,-1,0,2,1,-2,304
2205783344,-5,-3,-2,-2,-2,-1,-2,-2,305
2205783344,-3,-2,0,-1,-3,0,-2,-4,306
2205784866,3,1,1,0,-1,-1,0,4,307
2205784866,0,-2,-1,0,-1,-1,-1,-1,308
2205805296,0,-2,-1,-1,-1,-2,-1,-1,309
2205805296,3,2,-1,0,0,-1,-2,1,310
2205807043,0,-1,1,1,2,2,1,-2,311
2205807043,11,0,0,-1,-1,-2,1,-4,312
2205820330,-15,-1,0,-1,-1,0,0,1,313
2205820330,29,1,1,1,-3,-2,-3,-2,314
2205821913,-32,-7,-4,0,-3,-4,-2,-3,315
2205821913,-1,-1,1,0,-1,1,1,1,316
2205850260,5,0,0,1,-2,-1,1,3,317
2205850260,5,2,1,1,2,6,4,1,318
2205851870,-12,1,1,0,0,-5,-1,-6,319
2205851870,-11,-9,-6,-8,-5,-7,-7,-12,320
2205865272,0,-1,-1,-3,-1,0,1,1,321
2205865272,-4,0,-1,-2,-1,-4,0,1,322
2205866895,27,3,2,1,0,4,1,4,323
2205866895,-13,1,0,1,2,1,0,2,324
2205879651,2,-2,-2,0,0,-2,-2,-6,325
2205879651,-2,-2,0,-2,-2,1,-1,0,326
2205886422,2,0,-1,-2,-1,0,0,-2,327
2205886422,3,1,0,0,0,-3,-2,2,328
2205902769,-2,-1,-1,0,0,-1,-2,-1,329
2205902769,6,-3,-3,-2,-2,-2,1,-1,330
2205904456,-18,-3,-3,-2,-3,-4,-4,-6,331
2205904456,2,1,0,-1,0,1,2,-1,332
2205925263,9,3,2,0,-1,1,-2,-2,333
2205925263,16,2,1,-1,-1,-1,1,6,334
2205926935,-23,-6,-3,-4,-1,0,5,7,335
2205926935,-10,-3,-2,-1,1,-1,-6,-6,336
2205939596,-4,0,-1,-1,-6,-12,-4,5,337
2205939596,-1,2,-1,0,0,2,0,0,338
2205946454,27,4,3,-1,2,0,1,8,339
2205946454,-4,1,1,1,-1,2,4,6,340
2205962790,-20,-5,-5,-2,-1,1,-2,-14,341
2205962790,-21,-4,-3,0,-1,-3,-2,-2,342
2205964398,11,1,-1,-1,-2,-1,-1,4,343
2205964398,3,0,-1,0,0,0,-1,1,344
2205985192,8,0,-2,-1,0,2,-1,-3,345
2205985192,-10,-3,-1,-2,-1,-3,-1,-2,346
2205986875,0,2,-1,0,-1,-1,-3,-3,347
2205986875,5,-1,-1,0,-1,-1,-3,-2,348
2205999671,-2,-2,0,0,0,0,0,-1,349
2205999671,-7,0,1,1,-1,-1,2,0,350
2206006445,4,2,-1,-1,-1,-2,-3,-3,351
2206006445,-8,-5,-3,0,-2,0,0,-6,352
2206022569,-8,-3,-4,-4,-4,-3,-1,-4,353
2206022569,-6,-3,-2,-1,1,-1,0,-2,354
2206028885,12,2,0,0,-1,-1,-1,3,355
2206028885,21,2,3,1,0,3,3,11,356
2206045230,-52,-12,-4,-3,-2,-9,-6,-23,357
2206045230,-1,0,-1,-1,1,-2,-4,0,358
2206046861,3,-1,1,1,-1,-1,1,1,359
2206046861,9,2,-1,-1,-1,-2,2,4,360
2206059573,18,4,1,1,1,4,2,6,361
2206059573,-10,-3,0,-3,-3,-2,-1,-4,362
2206066883,-12,-5,-3,-1,-3,0,-4,-4,363
2206066883,-1,0,1,0,-1,0,1,2,364
2206082828,8,0,0,0,0,1,2,1,365
2206082828,-4,-1,-3,0,0,-1,0,-5,366
2206084380,5,0,-1,0,-1,0,-4,-6,367
2206084380,-6,-2,-1,-1,-2,-3,-1,-3,368
2206105261,4,1,0,-3,-1,1,0,0,369
2206105261,8,0,0,-2,0,-1,1,3,370
2206106887,-8,-3,0,0,-1,-3,-3,0,371
2206106887,-6,-1,-2,-1,-2,-4,-1,-4,372
2206119546,18,1,0,1,-2,0,0,4,373
2206119546,-2,0,-2,-1,1,2,2,0,374
2206126554,-6,-3,-1,0,1,-3,-1,-2,375
2206126554,-4,1,1,0,-1,-4,-2,-1,376
2206142781,14,2,0,2,1,1,1,4,377
2206142781,-28,-8,-4,-4,-1,-1,-4,-10,378
2206144389,7,0,-1,-4,-2,0,-2,-2,379
2206144389,0,-3,-2,-3,1,1,0,-2,380
2206165227,0,2,0,1,0,0,3,11,381
2206165227,8,3,0,0,-2,-3,-6,-15,382
2206166847,8,1,-2,-1,0,0,0,5,383
2206166847,-33,-8,-5,-2,-3,1,-3,-12,384
2206179563,3,-1,-2,-2,-3,-3,0,3,385
2206179563,0,2,-1,1,-1,-2,1,2,386
2206186477,1,0,0,-1,-2,-1,1,-1,387
2206186477,11,1,1,1,-2,-2,1,4,388
2206202738,-11,-7,-2,-1,0,0,-2,-7,389
2206202738,2,0,-2,-1,-4,-1,-2,1,390
2206204362,-1,-1,0,-1,0,-1,1,-1,391
2206204362,4,0,0,1,0,1,-1,0,392
2206225384,0,1,-1,-1,-1,-1,1,-2,393
2206225384,2,-1,0,0,-2,-1,-1,2,394
2206227019,-2,-1,-1,-1,0,-1,1,-2,395
2206227019,5,0,1,0,-1,2,-1,-2,396
2206239072,7,2,2,2,0,-5,-2,-4,397
2206239072,-18,-7,-3,1,-1,-2,-1,-3,398
2206247900,3,-1,-3,-1,0,-1,-1,-1,399
2206247900,-1,0,-4,-3,-2,-2,1,4,400
2206262778,0,-1,-2,-3,-2,2,-1,1,401
2206262778,7,5,4,0,0,-1,2,6,402
2206264450,4,-2,0,1,1,-2,-2,-3,403
2206264450,-22,-8,-5,-6,-5,-4,-4,-9,404
2206285248,-2,1,0,-1,1,1,-1,3,405
2206285248,0,0,0,0,-1,0,-1,1,406
2206286851,-4,0,-1,-1,-3,-2,-1,-2,407
2206286851,13,3,1,1,2,-1,2,4,408
2206298896,-8,-2,-1,0,-2,-2,-3,-5,409
2206298896,1,-2,-2,0,-1,0,-2,2,410
2206307917,-3,0,-2,-2,-2,1,0,0,411
2206307917,2,-1,-2,-1,-1,-2,-2,-1,412
2206322734,1,-1,-1,-2,-1,0,-1,0,413
2206322734,-2,0,1,0,1,-1,0,-4,414
2206324352,-2,-1,-1,1,-1,-1,-2,2,415
2206324352,2,-1,0,-2,-2,0,1,-1,416
2206345252,0,-2,-1,-2,3,-1,2,0,417
2206345252,1,0,-1,-2,-1,-2,-3,-1,418
2206346864,-4,0,-2,-1,-2,1,-1,-5,419
2206346864,15,-2,-1,-2,-1,0,-3,0,420
2206359094,3,1,2,0,-2,-5,-1,-2,421
2206359094,-9,-4,-2,0,1,-1,1,6,422
2206373972,-3,1,0,-2,-1,-2,-3,-4,423
2206373972,1,1,0,0,-1,1,0,2,424
2206382898,-7,-1,-1,-2,0,4,0,1,425
2206382898,33,3,2,0,2,2,0,0,426
2206384486,-29,-7,-3,-4,-4,-4,-3,-3,427
2206384486,-1,-1,0,-1,-2,-2,-1,-1,428
2206405227,0,-3,-1,0,0,-2,0,-3,429
2206405227,-2,1,2,-1,1,0,1,-1,430
2206406891,19,2,0,2,1,2,2,8,431
2206406891,-9,-2,0,2,-1,-1,0,0,432
2206419515,-24,-10,-6,-3,-4,-5,-6,-16,433
2206419515,2,-1,-2,-2,-2,-1,-1,1,434
2206427942,3,-1,1,-1,-1,-1,0,-1,435
2206427942,2,3,-1,0,-1,0,1,7,436
2206443278,42,4,1,1,1,0,5,5,437
2206443278,-40,-6,-3,-3,-6,-12,-12,-16,438
2206444871,9,1,-1,0,1,1,2,11,439
2206444871,-6,-1,0,0,3,1,-1,-6,440
2206465000,-8,0,-1,-2,0,2,-1,1,441
2206465000,11,0,-1,-1,0,2,2,1,442
2206471429,-6,-2,-1,-1,0,-3,1,-5,443
2206471429,0,0,-2,-2,-3,0,-1,-3,444
2206478986,6,-2,-2,0,2,0,0,6,445
2206478986,-2,-1,0,1,4,4,1,1,446
2206487863,-8,-6,-8,-5,-6,-8,-7,-10,447
2206487863,2,0,0,-1,-1,-2,1,-6,448
2206501877,0,0,-1,1,-1,0,1,2,449
2206501877,2,-1,1,1,-2,0,3,3,450
2206510396,-4,1,3,-1,1,1,0,-1,451
2206510396,23,3,0,0,-1,-2,-3,2,452
2206525275,-12,-3,-1,-3,-1,-2,-2,-6,453
2206525275,8,-1,-3,-2,0,2,2,4,454
2206526913,-3,0,-2,0,0,1,0,-2,455
2206526913,-3,-2,-2,-1,1,-2,-1,0,456
2206538851,-2,2,1,1,-1,2,-2,3,457
2206538851,7,-2,-2,-1,0,-1,0,0,458
2206547867,3,1,0,-2,-1,-2,-4,-3,459
2206547867,-3,-1,-1,0,-1,0,-2,3,460
2206562771,-6,-1,0,-1,-2,0,-2,-1,461
2206562771,-7,0,-1,1,-2,-1,1,0,462
2206564382,2,-1,-2,-1,-1,-1,0,-3,463
2206564382,-6,-2,-1,0,-1,-2,0,-4,464
2206585241,2,0,0,0,-2,-1,0,2,465
2206585241,-18,-3,0,1,0,-2,0,-1,466
2206586883,25,1,1,0,1,4,2,6,467
2206586883,-20,-6,-6,-6,-4,-6,-6,-10,468
2206598875,-2,-1,-1,-1,-1,-2,-1,-4,469
2206598875,4,0,-1,-4,-2,-1,-2,1,470
2206607937,-5,-1,1,3,1,0,1,0,471
2206607937,-2,0,1,0,-1,1,0,0,472
2206630208,-2,-2,-1,-1,0,-1,2,1,473
2206630208,-6,-2,-3,-3,-5,-4,-7,-12,474
2206631797,-8,-2,-2,-1,-1,0,-1,-3,475
2206631797,5,1,0,0,-1,1,0,3,476
2206645233,2,2,-1,-1,0,-2,1,0,477
2206645233,-1,1,-2,-2,-3,-1,-4,-5,478
2206646874,-5,-3,-1,-1,-2,-2,4,2,479
2206646874,2,-1,-1,-1,-1,-1,-3,-1,480
2206667732,-2,-2,-1,-1,-1,-2,-1,-3,481
2206667732,4,2,1,-1,-1,1,2,2,482
2206669471,-11,-5,-2,-1,0,-3,-2,-3,483
2206669471,10,3,1,0,0,-1,1,-1,484
2206682047,5,-5,-4,-3,-1,-1,-3,1,485
2206682047,-7,-1,-2,0,0,0,-3,-3,486
2206688889,3,1,2,1,2,2,0,0,487
2206688889,-11,-1,1,2,1,1,0,4,488
2206705294,-2,-2,-4,-4,-4,-2,-3,-5,489
2206705294,3,-2,-2,-4,0,0,-4,-7,490
2206706878,-2,0,0,0,-1,-1,1,4,491
2206706878,3,-2,-1,-1,0,-3,1,0,492
2206728284,1,0,1,2,-1,-2,0,5,493
2206728284,-21,-5,-4,-2,-1,-3,0,-2,494
2206733883,2,0,-2,-1,-1,-2,-2,-3,495
2206733883,-5,-2,-1,0,-3,2,2,1,496
2206742724,-7,-1,0,0,-1,-2,-7,-10,497
2206742724,8,1,-1,0,-2,1,4,4,498
2206744327,25,4,1,0,1,1,-3,-1,499
2206744327,-57,-14,-6,-2,-3,-7,-3,-13,500
2206765280,-1,1,-1,-1,0,1,2,4,501
2206765280,3,0,-1,-1,0,-2,1,2,502
2206766860,4,3,2,-2,-1,1,1,6,503
2206766860,33,4,3,1,1,2,3,6,504
2206787744,-27,-8,-6,-5,-5,-3,-7,-21,505
2206787744,2,1,1,1,0,0,-1,3,506
2206789374,-5,-2,0,-1,0,2,2,3,507
2206789374,13,0,1,1,1,-2,-2,2,508
2206802743,1,4,3,1,0,3,1,3,509
2206802743,10,0,-4,-4,-5,-7,-3,-1,510
2206804338,-6,-4,-3,-2,-2,0,-4,-7,511
2206804338,-1,-1,0,-1,1,1,0,2,512
2206825329,6,-1,1,2,1,1,1,2,513
2206825329,-4,-2,-1,0,0,0,0,-2,514
2206827073,-18,-3,-1,-3,-2,-1,-1,-3,515
2206827073,19,0,-4,-1,-2,2,2,1,516
2206847571,-12,-3,0,1,0,-5,-4,-2,517
2206847571,5,0,-1,-2,1,-1,0,-1,518
2206853880,-6,0,-2,0,-1,-1,0,-1,519
2206853880,8,-1,0,-2,-2,1,-2,-1,520
2206862426,3,1,-1,-1,0,-2,1,2,521
2206862426,2,-4,0,1,1,0,2,6,522
2206870563,-9,-2,-2,0,-1,-2,-4,-15,523
2206870563,13,2,-1,0,0,0,0,4,524
2206885223,16,4,4,2,1,3,3,7,525
2206885223,-33,-5,-4,-5,-7,-8,-8,-23,526
2206886787,-1,-2,-4,-4,-1,1,6,5,527
2206886787,-15,-1,0,0,-1,-1,-2,-3,528
2206908206,10,0,0,1,0,3,1,3,529
2206908206,8,2,1,2,0,2,0,4,530
2206909882,-1,-2,-3,1,1,4,-2,-1,531
2206909882,-3,-1,-2,-2,-2,-7,-1,-4,532
2206922047,-5,-1,-1,0,1,4,0,2,533
2206922047,-2,3,1,1,1,-1,1,4,534
2206928892,12,1,-1,0,-1,-2,-1,-2,535
2206928892,-11,-2,-2,-3,-1,1,-1,-2,536
2206945194,-25,-5,-3,-2,-1,-3,-4,-7,537
2206945194,5,-1,-3,-2,-2,0,0,2,538
2206946826,2,-1,0,-1,-1,-2,-2,1,539
2206946826,1,0,0,1,1,2,1,4,540
2206967791,-1,1,-1,-2,-3,-3,-3,-12,541
2206967791,-6,-3,-2,-2,-1,0,1,0,542
2206969367,-10,0,1,-1,-1,-1,1,1,543
2206969367,0,0,-1,-1,0,0,1,1,544
2206982053,8,-1,1,1,0,-2,1,4,545
2206982053,31,4,3,1,0,0,4,5,546
2206988833,-54,-16,-8,-5,-6,-5,-8,-21,547
2206988833,-3,-2,-4,-3,-2,-2,-2,-4,548
2207004949,4,-1,-4,-1,0,1,3,7,549
2207004949,8,2,3,2,2,4,0,2,550
2207011514,37,9,5,2,1,0,3,11,551
2207011514,-44,-8,-2,-4,-4,-6,-5,-9,552
2207027714,-8,-2,-5,-3,-3,-2,-1,-5,553
2207027714,-9,-4,-3,-1,-2,-2,-1,-3,554
2207029315,7,3,2,2,1,-1,-3,1,555
2207029315,8,2,1,0,2,3,0,1,556
2207042243,3,-2,0,-2,0,-3,1,0,557
2207042243,-35,-7,-5,-5,-3,-1,-3,-6,558
2207048839,20,-1,-3,-2,-2,-2,1,3,559
2207048839,8,4,1,0,-2,-2,0,-5,560
2207065200,-4,-3,0,-1,-1,-2,0,4,561
2207065200,3,-1,-2,-1,1,0,-2,-1,562
2207067923,-1,4,0,1,-1,-1,-2,-1,563
2207067923,10,3,-2,-1,-1,-2,0,4,564
2207087692,-9,-3,0,0,1,2,-2,-11,565
2207087692,9,1,2,2,0,-2,0,1,566
2207089309,22,4,2,0,1,2,4,12,567
2207089309,-25,-7,-4,-3,-6,-5,-10,-21,568
2207102124,11,1,-2,-3,-3,-1,0,5,569
2207102124,5,2,-1,0,-1,-1,-3,1,570
2207115825,2,1,-1,-1,-1,-1,4,3,571
2207115825,15,4,2,0,0,1,5,11,572
2207127560,1,-8,-4,-4,0,-2,-2,-4,573
2207127560,12,1,-6,-3,0,-3,-1,2,574
2207127722,-5,-6,-4,-3,-4,-9,-4,-7,575
2207127722,-1,0,2,0,-1,-1,-3,1,576
2207147806,2,4,2,1,-2,0,-1,1,577
2207147806,8,1,4,1,0,2,3,5,578
2207149387,-10,-2,-1,-2,0,1,3,-5,579
2207149387,22,0,-2,-1,1,-1,-3,-6,580
2207170201,-1,0,-1,0,0,-1,0,3,581
2207170201,-4,-2,1,-1,-1,-1,-1,-3,582
2207171895,-2,1,0,1,1,-1,1,4,583
2207171895,24,6,4,1,0,0,3,7,584
2207185204,-21,-4,-3,-3,-3,-3,-5,-16,585
2207185204,-1,-9,-6,-1,-1,-1,-2,0,586
2207187156,-7,-3,-1,-2,-1,-2,-4,-4,587
2207187156,7,2,2,2,2,3,5,8,588
2207207748,14,7,4,2,-1,-2,0,3,589
2207207748,-26,-4,2,-1,-1,-1,-1,-8,590
2207209504,3,0,-6,0,-1,1,-1,-2,591
2207209504,-8,-8,-8,-7,-3,-3,-2,-1,592
2207221563,0,2,1,1,2,4,2,4,593
2207221563,0,-4,-1,0,0,-3,-1,0,594
2207230550,12,10,9,5,0,4,0,5,595
2207230550,-40,-11,-4,0,-2,-6,-6,-13,596
2207245334,1,-14,-13,-6,-1,1,2,1,597
2207245334,7,6,5,0,-2,-2,-4,-2,598
2207246907,-6,-1,-1,-1,1,1,-3,-6,599
2207246907,6,6,5,3,0,0,0,5,600
2207267718,0,-1,2,0,-3,0,0,-1,601
2207267718,-18,-4,-4,-2,-1,-3,-3,-6,602
2207269349,-15,-7,-4,-3,0,0,2,-3,603
2207269349,3,-2,0,-1,-3,0,-2,0,604
2207281331,3,11,10,2,1,0,0,2,605
2207281331,23,8,5,4,2,3,5,15,606
2207290933,-19,-15,-10,-6,-4,-6,-5,-13,607
2207290933,-2,-4,-8,-4,-1,3,2,1,608
2207305290,1,-1,-2,-3,-1,-3,-2,0,609
2207305290,21,9,7,2,0,-2,0,3,610
2207306845,8,1,4,1,0,0,0,16,611
2207306845,-29,-2,-1,-1,-1,0,-2,-35,612
2207328139,3,-3,-2,-2,-2,-4,-4,-9,613
2207328139,-1,-2,-4,-3,-1,-4,-3,-1,614
2207329761,8,-1,0,0,-1,-1,1,3,615
2207329761,11,0,-1,1,-1,-1,1,13,616
2207341331,-5,0,3,1,-2,0,1,0,617
2207341331,-11,-11,-11,-6,-1,-2,-4,-11,618
2207350445,-7,-2,-2,-2,-1,-2,-1,1,619
2207350445,5,9,9,3,2,4,1,4,620
2207365273,3,5,5,3,2,-5,0,3,621
2207365273,-28,-19,-17,-6,-2,3,3,-7,622
2207366851,4,1,-2,-3,-3,-5,-4,-4,623
2207366851,2,-1,-1,-1,-1,0,-2,-2,624
2207387678,1,2,1,-1,-4,-3,-2,1,625
2207387678,0,8,7,2,0,0,0,1,626
2207389252,5,4,5,3,1,2,0,5,627
2207389252,-12,-9,-9,-6,-2,-5,-2,-16,628
2207401352,-14,-9,-11,-6,-3,1,-6,-1,629
2207401352,1,0,3,-1,-2,0,-2,-2,630
2207410509,-6,1,0,-1,1,1,2,-6,631
2207410509,14,8,4,1,1,-2,1,16,632
2207425353,11,-2,0,0,0,0,4,3,633
2207425353,-2,0,-1,0,-2,1,-4,-5,634
2207427472,1,2,0,0,0,-1,-2,1,635
2207427472,-10,-14,-11,-4,-4,-3,-1,5,636
2207448498,1,-1,-1,-1,1,-2,2,-6,637
2207448498,9,6,4,1,0,0,1,6,638
2207451139,-11,-6,-3,-2,-2,1,-2,-9,639
2207451139,5,4,2,-2,-1,0,2,10,640
2207461871,4,-3,-5,0,-1,0,-6,-17,641
2207461871,-6,-1,2,-2,-2,-1,1,1,642
2207470382,24,3,0,-3,-1,-2,1,7,643
2207470382,-28,-8,-5,0,-3,-1,-1,-4,644
2207485199,-1,0,-1,-2,-2,0,3,-1,645
2207485199,6,1,1,0,2,-3,-9,-3,646
2207486832,2,1,3,1,-2,-1,-3,-10,647
2207486832,4,-2,1,0,1,-1,2,12,648
2207507495,-18,-2,-2,-1,0,0,-3,-3,649
2207507495,0,-1,-3,0,0,0,-1,-2,650
2207513849,-6,-1,0,-1,-2,0,3,2,651
2207513849,20,5,6,2,0,0,0,1,652
2207521384,-14,-3,0,-1,-4,-1,-4,1,653
2207521384,-1,-13,-15,-6,-5,-2,-2,-5,654
2207530410,-14,-2,-4,-2,-1,-2,-3,1,655
2207530410,5,1,2,0,0,-1,2,1,656
2207545275,14,4,2,0,1,0,-3,2,657
2207545275,-29,0,5,-1,-1,-7,-5,-11,658
2207546802,9,-8,-8,-4,-2,-1,3,5,659
2207546802,-2,1,1,0,0,1,-4,-11,660
2207568201,7,5,1,-1,0,-1,1,16,661
2207568201,7,-1,-4,-1,-2,2,1,-9,662
2207569835,-1,-1,2,0,0,4,0,-5,663
2207569835,-5,-1,-1,1,-1,-5,-1,1,664
2207581413,-1,2,5,2,1,1,3,5,665
2207581413,2,3,3,1,2,3,5,8,666
2207590410,-20,-5,-2,-7,-4,-5,-4,-16,667
2207590410,5,-5,-8,-3,-1,1,-1,2,668
2207605172,-4,-2,-3,-1,-2,-1,-3,-2,669
2207605172,12,8,8,4,3,0,4,10,670
2207606828,-11,1,6,5,1,1,1,6,671
2207606828,-2,-7,-8,-6,-2,-1,-2,-11,672
2207627746,-14,-10,-11,-5,-1,-2,-3,-6,673
2207627746,-4,0,-1,-5,-2,1,-3,4,674
2207629337,14,8,7,4,1,2,1,10,675
2207629337,9,12,13,3,1,-5,-5,1,676
2207650245,-42,-29,-27,-8,-4,-2,1,-21,677
2207650245,-2,1,-1,-3,-1,-1,3,7,678
2207653705,-3,-5,-3,-3,-5,-4,-6,1,679
2207653705,6,-2,-1,-1,0,2,1,4,680
2207672687,22,13,9,3,1,2,1,4,681
2207672687,-16,-4,0,-1,-1,0,1,-3,682
2207674360,10,-1,-3,-1,0,-1,-2,-4,683
2207674360,-3,5,5,3,0,0,1,6,684
2207687664,12,10,11,5,2,0,7,3,685
2207687664,12,2,2,3,0,1,-6,4,686
2207691207,-6,-11,-15,-6,2,0,-1,-23,687
2207691207,-18,-7,-9,-5,-3,-9,-6,0,688
2207710324,6,-2,0,-3,-3,2,-2,-5,689
2207710324,21,11,9,4,3,1,4,15,690
2207711852,-2,10,16,10,1,-2,0,2,691
2207711852,-2,-17,-20,-11,-1,6,0,-9,692
2207725394,9,-4,-11,-6,-1,0,4,11,693
2207725394,-5,-3,0,-1,-3,-13,-5,-7,694
2207726821,-7,0,-1,-2,-2,-2,-7,-8,695
2207726821,-2,4,5,2,0,-1,-2,-7,696
2207747660,2,6,8,4,-1,3,-4,3,697
2207747660,12,3,1,0,-1,1,2,-1,698
2207749246,-36,-17,-14,-2,0,-6,-3,-7,699
2207749246,9,1,-2,-2,-2,-1,0,9,700
2207770248,-1,-1,0,-4,-2,1,-2,-7,701
2207770248,1,0,1,-1,-1,1,1,-5,702
2207772200,24,9,6,2,4,-1,2,15,703
2207772200,15,6,8,5,2,4,13,10,704
2207784561,-63,-17,-11,-5,0,-2,-17,-27,705
2207784561,-10,-16,-17,-9,-9,-7,-6,-10,706
2207791448,5,2,0,-2,-4,-1,2,6,707
2207791448,2,2,2,-1,0,2,2,7,708
2207807709,26,14,12,6,4,-2,4,14,709
2207807709,7,10,16,4,-1,6,1,1,710
2207809537,-19,-11,-8,-4,0,-2,-1,-5,711
2207809537,-3,-11,-13,-4,-2,0,0,-1,712
2207830324,7,5,2,0,-1,-2,-2,1,713
2207830324,-7,-5,-4,0,3,0,-2,-5,714
2207831807,18,9,11,3,1,2,2,4,715
2207831807,-19,2,5,0,-3,-5,-6,-6,716
2207844637,0,-4,-6,-1,-2,-5,0,-10,717
2207844637,-16,-6,-10,-3,-2,2,-2,-1,718
2207851317,2,-1,0,0,-2,-6,-4,-2,719
2207851317,-3,-2,-1,-1,0,1,-2,-7,720
2207868135,7,1,5,3,1,6,-4,4,721
2207868135,-16,-2,-4,-2,-1,-10,0,-2,722
2207869848,6,-7,-15,-13,-10,-7,1,1,723
2207869848,-11,-5,-4,-3,-3,-1,-16,-25,724
2207890924,8,3,3,-1,-3,-5,3,16,725
2207890924,1,0,-1,2,4,6,2,5,726
2207892538,5,-1,1,4,4,5,3,1,727
2207892538,7,3,4,2,3,1,2,8,728
2207904574,14,2,2,0,1,2,4,3,729
2207904574,-31,1,0,-2,-2,-4,-7,-27,730
2207911298,3,-9,-12,-3,-1,-1,0,7,731
2207911298,-5,-7,-7,-7,-6,-2,0,-3,732
2207927792,7,2,-4,0,-2,-2,1,1,733
2207927792,21,1,0,4,0,1,3,9,734
2207929264,-9,6,8,0,2,5,1,-1,735
2207929264,9,-2,1,-1,-3,-3,-2,-13,736
2207950213,-3,-3,-2,-1,2,-5,0,3,737
2207950213,6,0,0,0,-1,0,1,6,738
2207951808,-2,-1,-4,-4,-3,-1,3,3,739
2207951808,1,1,1,1,1,2,-1,5,740
2207964557,-7,-1,-2,-4,-2,-4,-5,-9,741
2207964557,-2,-2,3,1,-2,0,-3,-6,742
2207971295,14,2,-3,1,3,5,4,3,743
2207971295,17,5,2,3,1,-3,-1,9,744
2207987658,-45,-12,-6,-4,-2,-3,-2,-20,745
2207987658,5,0,0,-3,-4,-1,3,2,746
2207989406,-10,-2,-3,-5,-6,-2,-4,-5,747
2207989406,4,8,5,3,0,-3,-2,5,748
2208010293,3,-10,-3,5,1,-2,-4,-5,749
2208010293,10,-1,-4,-4,1,0,0,1,750
2208011825,-8,0,2,0,-1,-6,-8,-10,751
2208011825,-9,-2,-2,0,0,0,4,3,752
2208032823,19,4,5,4,0,4,3,2,753
2208032823,-7,2,4,1,0,1,-4,-13,754
2208034296,1,-5,-4,-4,-3,-2,-6,-5,755
2208034296,6,7,4,6,7,-7,1,5,756
2208047674,-14,-14,-10,-12,-12,-7,-3,6,757
2208047674,16,-2,-10,-14,-9,-2,1,-1,758
2208049230,-2,6,8,5,2,-2,-4,-1,759
2208049230,-7,-3,0,3,0,4,-7,-5,760
2208070817,-3,5,5,5,4,4,7,10,761
2208070817,-2,0,2,5,3,-2,-5,-4,762
2208072506,1,0,-2,-2,0,2,-1,4,763
2208072506,9,-4,-8,-4,-2,0,1,3,764
2208084563,-12,1,-1,-1,0,-2,-1,-3,765
2208084563,8,-3,-2,0,0,0,4,3,766
2208091446,-19,8,8,5,1,-1,1,-1,767
2208091446,17,-1,4,1,1,3,7,6,768
2208107650,9,-10,-27,-14,-7,-4,-7,-23,769
2208107650,-15,-5,-4,-3,-2,-2,-6,-5,770
2208109264,-3,-4,-2,-1,0,-3,2,-8,771
2208109264,-2,6,5,1,-2,-1,-4,-2,772
2208130320,18,7,8,3,2,-2,1,10,773
2208130320,-4,0,-7,-5,-3,-1,4,3,774
2208131819,10,-6,0,0,-1,3,2,4,775
2208131819,-13,-4,-2,-1,-1,0,-2,-3,776
2208143855,-4,-9,-4,-2,-4,-12,-12,-10,777
2208143855,-8,-4,-7,-6,-4,-3,2,8,778
2208152860,10,5,6,3,0,2,1,-1,779
2208152860,-20,-2,0,-3,0,2,4,1,780
2208167386,6,5,8,4,4,4,0,10,781
2208167386,7,1,0,-1,-1,-4,-5,-9,782
2208173827,2,-1,-2,-2,-4,-4,5,5,783
2208173827,-23,-4,2,-3,-2,1,-3,-16,784
2208190162,8,12,8,2,0,3,1,3,785
2208190162,0,-10,-11,-3,-1,3,2,6,786
2208191796,3,2,-1,-2,1,2,-4,-2,787
2208191796,-3,-5,3,2,2,-1,0,0,788
2208203829,-1,1,2,-1,-3,-3,-5,-4,789
2208203829,3,4,6,4,0,-3,-2,8,790
2208212886,-6,-13,-17,-7,-2,1,2,3,791
2208212886,12,7,5,0,-3,4,-5,3,792
2208227705,-25,-1,9,7,3,14,11,-5,793
2208227705,-6,-18,-12,-1,0,-20,-13,-12,794
2208229582,-21,-5,-5,-6,-2,-5,1,-25,795
2208229582,9,1,-3,-4,-2,-2,-3,7,796
2208250150,14,7,7,5,4,5,9,14,797
2208250150,3,4,-2,-1,-2,9,-4,-2,798
2208251779,-7,-1,-3,-4,-2,-4,-2,-4,799
2208251779,-16,-8,-7,-4,-5,-4,-9,-12,800
2208263891,33,12,10,7,3,-7,-2,12,801
2208263891,-17,-4,4,2,2,3,5,1,802
2208272804,7,-2,-10,-7,-3,0,1,0,803
2208272804,3,-2,-1,-1,-1,-1,1,0,804
2208287807,0,-3,-4,-4,0,-3,-3,3,805
2208287807,14,8,9,4,0,-1,-2,2,806
2208289243,-4,2,3,3,0,0,-3,0,807
2208289243,-1,0,4,3,1,1,5,-5,808
2208310146,-8,-7,-11,-10,-5,-3,-1,-1,809
2208310146,2,0,-4,-2,-3,-1,-1,-1,810
2208311784,18,1,0,-1,0,0,-3,-2,811
2208311784,-8,0,0,-1,2,0,2,9,812
2208324115,-18,2,6,3,0,-2,-1,1,813
2208324115,-14,-8,-3,-3,-1,2,2,1,814
2208332890,-7,-6,-8,-4,-2,-1,-10,-13,815
2208332890,-2,-5,-3,0,-4,-4,-1,0,816
2208347699,0,-2,-5,-4,-1,-1,2,-2,817
2208347699,-6,8,14,6,1,0,-3,-6,818
2208349342,20,13,18,11,4,3,2,17,819
2208349342,15,-5,-11,-6,-1,-7,-4,-19,820
2208370183,-58,-17,-10,-9,-12,-12,-10,-20,821
2208370183,13,9,7,4,2,0,3,3,822
2208371788,-8,-8,-10,-9,-5,-4,-4,1,823
2208371788,21,5,4,2,1,5,4,2,824
2208383833,-3,-4,-5,-1,0,-1,-3,1,825
2208383833,-9,-2,1,1,0,-4,4,0,826
2208398854,-15,-3,2,1,2,0,1,-4,827
2208398854,-5,1,0,0,-1,-4,-2,4,828
2208415167,12,0,-6,-3,-2,2,-2,-5,829
2208415167,4,0,2,0,0,4,5,4,830
2208416829,-11,2,6,3,1,-5,-3,-1,831
2208416829,-25,-8,-8,-6,-3,-2,-1,-6,832
2208430201,12,2,-1,-1,-1,-1,4,7,833
2208430201,13,9,5,2,0,1,0,-3,834
2208431813,0,-6,1,0,-5,-1,1,0,835
2208431813,-26,-13,-10,-4,-4,-4,1,0,836
2208452774,2,-1,-4,-8,-2,2,-6,-13,837
2208452774,-12,-5,-3,-3,2,1,-3,-9,838
2208454272,8,6,5,0,0,-1,3,4,839
2208454272,1,-8,-4,0,-2,-5,-2,2,840
2208467611,8,3,-1,0,0,4,2,2,841
2208467611,-13,-4,-3,-3,-2,2,-1,-2,842
2208469253,11,9,8,3,2,1,0,1,843
2208469253,8,-7,-7,-4,-3,-13,-7,5,844
2208490150,1,1,-3,0,0,1,6,-1,845
2208490150,7,2,-4,-3,-2,-1,-8,-8,846
2208491767,-8,-6,0,-1,-3,2,-1,-15,847
2208491767,18,7,2,-1,1,6,3,13,848
2208503807,-10,2,6,2,-2,-4,-4,4,849
2208503807,-15,-8,-10,-4,-1,-1,3,-12,850
2208512793,5,-4,-1,1,-1,0,2,6,851
2208512793,9,4,5,3,0,1,-2,4,852
2208527868,25,3,-1,-1,2,-3,-2,-13,853
2208527868,-27,-18,-20,-11,-6,0,1,12,854
2208529542,8,-8,-17,-10,-3,-3,1,-6,855
2208529542,-7,1,3,0,0,3,1,-7,856
2208557878,29,9,11,6,6,4,4,18,857
2208557878,9,19,25,12,6,3,8,37,858
2208559890,-21,-5,-5,1,0,-5,-4,-35,859
2208559890,-14,-13,-8,-5,-1,-3,-2,-7,860
2208572726,-7,-11,-11,-8,-5,1,-11,-4,861
2208572726,15,-2,-4,-5,-1,-5,-4,1,862
2208574298,3,7,7,3,1,-3,3,24,863
2208574298,-1,9,13,7,5,9,2,-10,864
2208587667,-5,-2,-1,2,0,-1,-2,-5,865
2208587667,23,5,8,5,2,6,3,10,866
2208589732,-4,-3,-10,-5,-3,5,2,6,867
2208589732,-3,1,-3,-4,-5,-8,-6,-16,868
2208610162,-9,-4,-3,-2,-4,-17,-12,-5,869
2208610162,-3,1,2,0,-1,1,-3,-10,870
2208612064,19,9,11,9,5,3,3,12,871
2208612064,-42,-3,0,1,0,5,5,-14,872
2208632804,-13,-15,-24,-16,-7,-1,-5,-6,873
2208632804,7,-2,-8,-5,-2,-9,-5,-16,874
2208634312,-8,1,6,0,-1,-4,-8,1,875
2208634312,7,11,1,0,2,4,2,15,876
2208647759,-18,-9,10,11,-4,-5,-7,-23,877
2208647759,-46,-14,-16,-13,-1,0,4,-14,878
2208649272,13,4,6,5,4,11,2,9,879
2208649272,21,6,6,3,6,7,9,-2,880
2208670173,6,5,0,-3,-1,-9,-9,9,881
2208670173,10,2,0,0,-3,-3,5,-4,882
2208671865,-5,-4,-3,-3,0,-2,-13,-13,883
2208671865,2,6,10,4,0,5,0,7,884
2208693758,-7,2,4,2,0,9,11,3,885
2208693758,23,7,3,3,1,-6,1,16,886
2208698826,8,3,12,9,4,6,9,2,887
2208698826,7,-15,-40,-28,-18,-24,-28,-23,888
2208706994,-2,0,4,-2,-3,-8,-6,-12,889
2208706994,-9,-1,4,3,-2,-1,-1,-11,890
2208713748,-4,-5,-7,-3,0,-1,2,9,891
2208713748,16,7,7,6,1,6,3,6,892
2208730268,0,2,6,4,2,6,10,12,893
2208730268,18,0,-10,-4,0,1,-10,-2,894
2208731924,-45,-14,-16,-11,-6,-8,-2,-13,895
2208731924,1,-5,-2,-3,-4,-5,2,11,896
2208752646,0,5,6,4,4,2,4,3,897
2208752646,-13,9,20,11,3,4,-1,-3,898
2208754187,-20,-22,-20,-3,-1,0,-2,-17,899
2208754187,3,6,1,-2,-1,-16,12,27,900
2208767051,3,20,25,12,5,-1,-10,-37,901
2208767051,-8,-30,-31,-11,-6,-2,-8,8,902
2208773954,15,6,1,-5,-4,1,8,2,903
2208773954,2,13,19,15,10,19,20,15,904
2208792112,11,2,-2,-1,1,0,10,18,905
2208792112,1,-6,-14,-13,-2,4,3,0,906
2208799091,-1,-4,-15,-18,-16,-17,-24,4,907
2208799091,-4,2,5,3,5,-1,-2,-1,908
2208812850,6,1,5,6,4,4,7,8,909
2208812850,18,-4,-1,6,4,2,4,12,910
2208814581,7,18,14,6,0,-5,0,8,911
2208814581,-23,-18,-13,-6,-5,-3,-13,-17,912
2208827012,20,-6,-8,1,4,1,5,20,913
2208827012,-38,-5,4,2,-4,-6,-16,-19,914
2208833779,-2,6,5,3,5,4,5,3,915
2208833779,4,-5,-8,-9,-4,2,-4,-9,916
2208850193,-2,-9,-14,-8,-5,1,-2,-2,917
2208850193,51,24,24,9,5,2,12,47,918
2208851776,-12,-4,-5,4,6,-2,-14,-38,919
2208851776,-18,-4,8,4,-3,0,8,23,920
2208872701,-6,-5,-12,-13,-8,-3,-6,-9,921
2208872701,16,5,-2,-1,-2,2,9,10,922
2208874642,8,10,21,10,3,1,1,11,923
2208874642,14,-4,0,4,6,3,-7,-8,924
2208887055,11,-8,-34,-29,-10,0,15,11,925
2208887055,-3,13,20,9,2,-5,-24,-40,926
2208894155,-48,-25,-15,-5,-1,-1,-5,-11,927
2208894155,4,4,0,2,1,8,0,-8,928
2208910175,13,15,10,-4,-4,-2,4,11,929
2208910175,-19,-11,0,2,-1,-2,2,-5,930
2208912018,13,-3,-10,-11,1,5,11,-18,931
2208912018,-10,11,15,7,5,-2,-6,-10,932
2208940248,10,2,16,16,9,8,4,14,933
2208940248,-14,-14,-30,-25,-12,1,7,-2,934
2208941881,8,11,10,1,-1,-10,-14,-33,935
2208941881,10,1,-3,-3,-2,8,5,20,936
2208947082,-11,-6,5,3,-1,-8,-9,-8,937
2208947082,11,17,22,13,5,1,8,0,938
2208953793,-40,-25,-20,-6,-1,-2,7,9,939
2208953793,-15,-23,-22,-12,-7,-6,-19,-39,940
2208970139,-3,-3,-6,-1,4,3,7,0,941
2208970139,-20,0,7,3,-1,-7,-10,-7,942
2208971806,17,6,8,5,1,-3,0,19,943
2208971806,16,11,10,0,-4,-1,-4,1,944
2208993360,-56,-11,-3,-2,-3,5,-2,-41,945
2208993360,-4,-12,-14,-8,-1,3,2,2,946
2208994951,35,19,15,5,4,1,8,21,947
2208994951,40,0,2,4,0,0,3,27,948
2209007020,-5,-4,-15,-12,1,3,-6,-33,949
2209007020,-6,-1,-3,-5,-7,-7,7,4,950
2209013782,0,1,2,0,-1,-7,-15,-12,951
2209013782,0,10,17,11,7,-2,4,-3,952
2209031134,56,27,29,19,6,19,16,63,953
2209031134,-45,-32,-37,-20,-7,-8,-23,-49,954
2209032527,-27,-19,-25,-16,-13,-16,8,21,955
2209032527,-5,4,0,-3,-3,-2,-5,-17,956
2209060251,-7,-6,10,10,1,-6,-10,-4,957
2209060251,27,22,12,6,8,15,10,36,958
2209061893,58,31,41,22,7,2,-1,14,959
2209061893,-41,-31,-30,-19,-15,-4,0,-7,960
2209066307,-31,-15,-26,-13,-5,-7,-11,-23,961
2209066307,-31,-8,1,2,1,-3,-14,-69,962
2209075287,34,0,-4,-5,-2,0,-4,10,963
2209075287,10,22,25,10,3,2,4,15,964
2209090241,7,1,9,7,5,0,9,20,965
2209090241,26,10,5,-3,-6,-5,1,16,966
2209092330,-34,-28,-28,-12,-5,3,-5,-25,967
2209092330,-9,-2,-2,3,2,-5,-5,-25,968
2209112777,27,1,3,0,-8,-5,-4,22,969
2209112777,-3,-7,-30,-17,-3,5,20,-8,970
2209114346,-46,-3,6,-4,-1,7,-8,10,971
2209114346,20,6,6,5,4,-16,4,16,972
2209126800,-31,-5,-4,-5,-3,-7,-35,-39,973
2209126800,16,11,27,19,6,4,3,11,974
2209135283,75,3,-15,-8,-6,7,28,63,975
2209135283,-62,-43,-77,-51,-22,-11,-12,-48,976
2209150128,9,19,31,13,4,-1,4,8,977
2209150128,8,11,16,8,2,-3,-7,9,978
2209151800,9,7,17,12,6,6,-1,3,979
2209151800,17,23,34,17,4,1,3,21,980
2209173105,4,-18,-42,-20,-2,-1,17,31,981
2209173105,-70,-37,-32,-18,-9,-19,-35,-79,982
2209178733,11,1,1,-3,-1,-4,-1,0,983
2209178733,4,17,25,12,2,1,-4,6,984
2209186302,27,-2,-15,-20,-12,-1,3,-6,985
2209186302,30,8,7,8,8,8,4,41,986
2209195351,-49,4,13,4,0,0,13,-4,987
2209195351,-22,-18,-12,4,2,-5,-33,-42,988
2209210395,7,6,18,14,6,4,0,-9,989
2209210395,30,-4,-17,-12,-6,4,17,37,990
2209212290,-51,2,-2,-5,-1,14,5,-21,991
2209212290,55,29,30,17,13,4,9,26,992
2209232622,-101,-53,-42,-21,-15,-22,-7,-61,993
2209232622,27,4,-3,0,1,-2,1,21,994
2209234334,-13,-4,2,9,8,15,-5,-30,995
2209234334,14,-2,-1,-9,-7,2,12,29,996
2209246439,20,21,27,17,6,2,0,18,997
2209246439,-2,2,8,-2,-8,-5,1,5,998
2209255217,15,4,5,-1,-1,-9,-8,-6,999
2209255217,47,14,-11,-15,-3,12,10,19,1000
2209270143,-73,-51,-60,-28,-10,-27,-10,-58,1001
2209270143,10,4,6,7,3,4,-4,8,1002
2209271802,32,1,6,4,-3,-7,1,20,1003
2209271802,-20,3,3,0,0,6,14,9,1004
2209292722,8,5,15,10,6,14,-1,14,1005
2209292722,8,6,2,-2,2,4,4,31,1006
2209294339,-5,2,7,9,5,-8,-1,-6,1007
2209294339,49,12,16,8,2,6,8,47,1008
2209306257,-78,-44,-72,-49,-23,-7,1,-45,1009
2209306257,-10,3,16,12,3,-4,-14,-40,1010
2209315337,14,4,2,0,-2,-4,2,23,1011
2209315337,-19,-13,-4,4,1,-5,-8,-27,1012
2209329827,55,36,45,28,13,9,4,41,1013
2209329827,6,3,6,1,-7,-8,-7,-7,1014
2209353300,-2,-32,-70,-46,-16,-1,-5,-34,1015
2209353300,-25,0,10,8,3,-9,-16,-23,1016
2209354133,41,6,5,9,6,6,1,20,1017
2209354133,-8,4,16,10,4,0,14,-17,1018
2209355759,22,15,13,6,2,3,-1,18,1019
2209355759,-85,-30,-24,-16,-9,-1,-1,-32,1020
2209366242,26,12,11,3,2,1,-5,-10,1021
2209366242,-4,2,-1,1,3,-5,-4,12,1022
2209375449,15,1,4,5,0,-5,-1,5,1023
2209375449,63,8,3,-4,-6,-6,-12,-6,1024
2209390172,-83,-33,-28,-17,-8,3,3,-43,1025
2209390172,19,2,-1,-2,-2,-1,7,20,1026
2209392251,-10,-12,-8,-3,-5,-8,-14,-15,1027
2209392251,11,10,23,21,15,16,15,44,1028
2209412781,41,20,0,-15,-13,-11,-1,34,1029
2209412781,-18,4,16,7,0,4,3,-14,1030
2209414247,-25,-12,-11,0,2,-9,-5,-8,1031
2209414247,-70,-35,-30,-13,-8,-6,-11,-68,1032
2209426320,40,9,7,11,5,11,10,39,1033
2209426320,1,3,0,-3,0,1,5,-4,1034
2209435275,40,26,30,14,7,7,5,31,1035
2209435275,-45,-11,-22,-16,-2,5,14,-21,1036
2209457628,3,1,1,-9,-7,-10,-21,-28,1037
2209457628,13,-4,-8,-2,-3,0,-1,11,1038
2209459369,-12,0,4,3,0,-1,2,-17,1039
2209459369,21,15,17,10,2,-7,-3,18,1040
2209473289,36,18,26,15,5,7,11,31,1041
2209473289,-32,-32,-40,-20,-8,-2,-3,-27,1042
2209474961,-5,3,4,0,-2,-5,-2,6,1043
2209474961,1,-5,-10,-10,-6,-6,-8,-19,1044
2209486300,17,17,21,13,6,-5,-11,15,1045
2209486300,19,8,9,7,4,3,-4,13,1046
2209495328,1,-6,-4,2,5,15,11,-11,1047
2209495328,69,21,25,9,-2,-15,-2,25,1048
2209509554,-86,-39,-52,-29,-15,-2,-9,-62,1049
2209509554,7,-10,-12,-4,-1,-10,-17,2,1050
2209516239,7,8,6,-1,-1,-2,-4,-2,1051
2209516239,13,7,1,12,8,6,6,17,1052
2209532666,40,15,25,12,3,11,24,54,1053
2209532666,12,2,-11,-18,-10,-9,-7,-29,1054
2209534308,-20,-14,-12,-6,-5,1,-5,-12,1055
2209534308,13,17,16,8,5,3,9,14,1056
2209554305,-3,-5,1,9,1,-9,-16,-12,1057
2209554305,-30,-11,-14,-13,-5,5,-1,-41,1058
2209562781,23,14,17,10,4,-3,-3,24,1059
2209562781,-9,-10,-15,-11,-5,-3,1,2,1060
2209570068,25,11,14,14,8,5,2,36,1061
2209570068,36,17,16,9,4,8,12,7,1062
2209571745,-93,-35,-26,-12,-5,3,-11,-89,1063
2209571745,-1,-12,-20,-12,-12,-30,-17,-8,1064
2209592703,20,1,4,-2,-2,1,-9,-10,1065
2209592703,4,10,10,6,-2,-6,9,9,1066
2209594296,21,-1,-10,-1,2,17,21,32,1067
2209594296,42,25,37,26,15,21,9,61,1068
2209622665,-60,-28,-44,-25,-9,5,6,-16,1069
2209622665,1,-39,-26,-22,-20,-41,-36,-30,1070
2209624280,61,9,8,1,-1,-1,7,69,1071
2209624280,0,-1,-1,-5,-3,-1,7,-1,1072
2209630094,50,23,29,23,13,8,-1,44,1073
2209630094,-11,7,4,6,8,11,11,10,1074
2209631748,-33,-7,-6,-9,-11,-14,-6,-17,1075
2209631748,8,-2,-9,-7,-4,4,4,6,1076
2209652607,3,17,21,13,10,-3,-10,-20,1077
2209652607,-47,-15,-2,1,-3,6,4,-19,1078
2209654275,12,2,2,-3,-4,-8,-9,-29,1079
2209654275,-44,-14,-19,-13,-5,-7,-4,-1,1080
2209675274,18,6,14,3,-2,-6,2,-4,1081
2209675274,-8,-4,-19,-9,-5,5,1,7,1082
2209676732,15,14,10,5,2,0,7,16,1083
2209676732,-11,-14,-13,-4,0,5,-2,-11,1084
2209689434,2,26,33,15,6,-1,-5,-6,1085
2209689434,39,5,12,15,11,11,22,87,1086
2209696343,-63,-31,-40,-26,-18,-30,-34,-90,1087
2209696343,-21,-21,-25,-13,-8,0,-2,-31,1088
2209712659,28,11,12,2,-2,-7,-6,10,1089
2209712659,-1,8,11,8,6,5,2,6,1090
2209714196,12,-2,-4,-3,1,5,9,38,1091
2209714196,-7,-5,-4,-2,-1,-5,-9,-19,1092
2209735094,7,1,2,6,2,6,14,21,1093
2209735094,-9,17,19,5,2,-3,-7,-33,1094
2209736747,13,-22,-41,-12,-2,2,7,53,1095
2209736747,-14,-3,-14,-13,-8,-4,-4,-30,1096
2209749441,26,-1,3,3,1,-1,3,25,1097
2209749441,-49,-8,-11,-10,-5,-2,-23,-53,1098
2209756405,10,15,22,14,6,0,-4,-23,1099
2209756405,13,10,21,13,4,-1,0,30,1100
2209772617,-28,-19,-35,-23,-8,2,4,-23,1101
2209772617,13,-7,-8,3,2,1,6,38,1102
2209774287,48,38,51,25,12,3,-2,24,1103
2209774287,-30,-26,-18,6,-3,-6,-11,3,1104
2209802762,-28,-22,-35,-29,-9,0,12,-59,1105
2209802762,26,8,8,1,-3,-8,-15,-2,1106
2209806149,-22,-9,-8,-5,-4,0,0,-9,1107
2209806149,36,22,26,15,10,8,6,28,1108
2209809700,2,4,12,9,-1,-2,0,23,1109
2209809700,-19,-9,-13,-6,1,7,8,-5,1110
2209816421,49,38,39,25,13,-6,5,20,1111
2209816421,-39,-27,-15,-9,-9,1,-21,-54,1112
2209832634,-48,-30,-38,-27,-14,-21,-6,-59,1113
2209832634,21,9,10,5,1,4,-4,11,1114
2209834226,3,-3,-6,0,-1,0,4,15,1115
2209834226,15,14,14,2,3,0,5,15,1116
2209855148,-10,1,4,6,3,6,6,20,1117
2209855148,13,-4,-7,-4,-3,-3,4,4,1118
2209856748,-9,2,8,4,2,5,3,10,1119
2209856748,-7,-4,-9,-6,-3,-3,-5,-4,1120
2209869447,32,5,8,6,-1,0,-3,19,1121
2209869447,-18,-5,-10,-6,-1,-3,5,-1,1122
2209876401,1,-2,0,0,1,3,-1,2,1123
2209876401,-15,6,10,2,-3,-3,-8,-31,1124
2209892981,55,-9,-42,-21,-6,2,6,70,1125
2209892981,-78,-15,-7,-8,-5,-15,-19,-77,1126
2209894355,-4,-12,-15,-12,-6,2,1,-4,1127
2209894355,23,12,12,6,5,1,6,18,1128
2209915150,-1,11,26,19,4,-6,-8,-10,1129
2209915150,40,7,4,2,0,6,13,44,1130
2209916816,-4,8,4,-4,0,5,1,0,1131
2209916816,-28,-31,-42,-23,-13,-10,-7,-2,1132
2209929438,-19,2,10,4,-1,-3,-14,-24,1133
2209929438,-3,0,-1,-2,-2,-2,-8,33,1134
2209944041,-20,-3,4,-1,-5,-8,0,-35,1135
2209944041,33,10,9,8,9,12,-2,32,1136
2209952608,-5,7,4,4,3,-8,7,2,1137
2209952608,-13,-17,-6,-7,-10,-8,-15,-27,1138
2209954209,7,-3,-8,-1,-1,6,6,11,1139
2209954209,30,22,22,7,1,9,14,20,1140
2209975336,-26,-14,-27,-8,3,-5,0,-1,1141
2209975336,-18,-2,1,0,-1,1,-3,-28,1142
2209976970,3,0,0,1,-1,0,2,19,1143
2209976970,-8,-10,-9,-8,-6,-1,2,-6,1144
2209989422,19,16,25,10,6,2,-2,6,1145
2209989422,37,11,8,6,4,4,7,26,1146
2209996223,-15,-13,-15,-9,-2,0,7,-10,1147
2209996223,-10,2,1,-4,-4,-9,-20,-20,1148
2210012663,9,-2,-1,-3,-2,4,2,4,1149
2210012663,-19,-8,-2,1,1,-10,3,2,1150
2210014213,-15,-19,-20,-9,-5,-3,-22,-28,1151
2210014213,20,22,15,11,10,5,23,23,1152
2210035097,18,12,23,13,1,8,-1,18,1153
2210035097,-28,-24,-31,-19,-7,3,1,-19,1154
2210036729,-5,-7,-9,-6,-7,-23,-24,-32,1155
2210036729,-10,-3,-3,-4,0,5,19,13,1156
2210048803,19,-2,1,2,2,4,-1,3,1157
2210048803,23,27,34,20,8,9,19,16,1158
2210065258,29,5,10,3,-3,0,-4,24,1159
2210065258,-24,-27,-37,-18,-9,-7,0,-25,1160
2210072602,-61,-8,5,-2,-4,-4,-12,-44,1161
2210072602,27,13,18,15,9,3,-13,10,1162
2210074397,-2,-15,-29,-16,-6,4,32,22,1163
2210074397,-3,-3,-6,-8,-5,-7,-25,-19,1164
2210095125,1,4,5,2,-2,-11,-2,12,1165
2210095125,3,3,5,3,-1,6,-6,10,1166
2210096765,-5,5,0,-2,2,-3,5,-10,1167
2210096765,1,-4,-1,2,1,9,8,9,1168
2210108800,-7,-1,-4,-3,1,-4,-1,-13,1169
2210108800,16,4,5,9,5,-1,-9,-12,1170
2210117781,-6,4,12,9,0,5,-1,16,1171
2210117781,3,-9,-16,-14,-9,-6,2,-13,1172
2210132631,-6,-1,1,-2,-6,-4,6,18,1173
2210132631,-8,3,11,11,7,4,1,-42,1174
2210134210,-26,-14,-26,-19,-11,-4,-8,5,1175
2210134210,-2,-3,3,-2,-3,-8,-4,-12,1176
2210155150,-6,0,1,-1,-2,-1,-10,-11,1177
2210155150,42,5,-10,-8,1,2,15,36,1178
2210156788,-40,-1,11,11,4,2,-9,-30,1179
2210156788,11,7,6,7,3,3,-2,29,1180
2210168907,15,-3,-10,-5,-1,1,0,-5,1181
2210168907,1,-1,-3,-8,-7,-1,-5,-12,1182
2210177928,-4,3,13,9,1,-4,-4,2,1183
2210177928,11,10,8,1,3,2,7,22,1184
2210192583,-16,-12,-8,2,2,5,-16,-30,1185
2210192583,13,-4,-13,-11,-8,-3,5,19,1186
2210194219,-7,2,2,0,1,10,7,-6,1187
2210194219,-3,1,11,9,2,-4,-10,-2,1188
2210215100,2,11,23,11,4,-17,-14,-20,1189
2210215100,-13,-26,-40,-22,-13,0,8,23,1190
2210216807,-17,-7,-7,-7,-1,-3,-5,-9,1191
2210216807,0,7,9,10,4,5,0,-4,1192
2210228737,12,-7,-10,-9,-4,-1,0,22,1193
2210228737,-10,2,8,4,-4,-17,-10,-56,1194
2210237785,22,6,3,-2,0,6,8,22,1195
2210237785,-20,-8,-9,-6,-5,-7,-14,-22,1196
2210252650,11,-4,-6,-3,0,9,16,21,1197
2210252650,7,10,3,1,3,3,-1,26,1198
2210254298,-40,-14,-4,1,-5,-7,-13,-41,1199
2210254298,3,5,12,4,1,-6,-1,-3,1200
2210275153,20,8,-5,-7,-3,7,11,28,1201
2210275153,-26,-7,-13,-9,-3,2,-1,-31,1202
2210276973,40,4,-3,-1,3,0,0,23,1203
2210276973,-31,-2,-2,-4,-6,-15,1,6,1204
2210288716,14,12,16,9,3,16,16,14,1205
2210288716,-6,-14,-12,-9,-7,-17,-17,-29,1206
2210297785,27,11,13,11,7,10,1,23,1207
2210297785,6,-4,-9,-5,-3,-5,1,1,1208
2210312652,-19,-18,-15,-7,-4,-4,-6,-25,1209
2210312652,27,10,13,5,1,5,8,45,1210
2210314226,-13,5,2,2,3,-2,-5,-28,1211
2210314226,-11,2,12,11,6,12,2,10,1212
2210335151,-42,-27,-31,-21,-10,-5,-2,-35,1213
2210335151,6,1,7,6,3,-1,-2,1,1214
2210336721,9,-2,-4,-2,-2,-3,8,25,1215
2210336721,-16,-9,-12,-7,-5,-6,-19,-45,1216
2210348759,8,11,17,9,5,5,4,12,1217
2210348759,-5,-3,-5,-1,0,3,5,13,1218
2210358223,6,9,11,5,2,-3,0,2,1219
2210358223,21,-1,0,0,-5,5,21,37,1220
2210372706,-11,-2,-3,-4,-4,-7,-27,-62,1221
2210372706,45,2,-7,-3,2,2,9,50,1222
2210374220,-48,-11,-4,-4,-7,-6,-6,-37,1223
2210374220,6,-14,-25,-18,-8,-1,8,-13,1224
2210395192,-7,0,7,7,1,-5,-11,-21,1225
2210395192,-7,10,12,5,0,2,10,3,1226
2210396680,16,1,1,1,1,1,1,18,1227
2210396680,10,4,6,5,9,7,-1,2,1228
2210408848,2,2,-3,-2,-4,7,13,25,1229
2210408848,3,5,5,3,-3,-15,-17,-9,1230
2210417794,11,0,3,2,-2,-5,-9,-9,1231
2210417794,14,0,-16,-15,-7,3,18,21,1232
2210432607,-42,-10,1,1,0,-1,-14,-11,1233
2210432607,-1,-1,2,-1,0,2,10,16,1234
2210434232,1,6,13,1,-2,-4,-12,-14,1235
2210434232,22,-4,-11,2,5,4,5,8,1236
2210455055,-24,-9,-4,0,-1,1,-2,-17,1237
2210455055,-12,-18,-19,-14,-6,-6,-6,-26,1238
2210456760,27,10,2,0,2,3,24,54,1239
2210456760,18,7,17,7,3,-3,-25,1,1240
2210477674,-23,4,2,2,2,0,4,-2,1241
2210477674,-8,2,8,4,1,7,7,25,1242
2210479338,23,0,-4,-7,-3,-4,-4,2,1243
2210479338,-9,8,9,7,2,1,7,15,1244
2210492646,5,-22,-31,-15,-8,-17,1,-13,1245
2210492646,-24,-1,3,0,-2,-3,-19,-47,1246
2210494215,-4,-7,-6,-1,-2,-1,-2,9,1247
2210494215,4,8,10,3,2,4,12,13,1248
2210515127,23,10,8,8,5,4,-10,16,1249
2210515127,19,8,7,3,7,2,0,-20,1250
2210516788,-16,-10,-11,-11,-8,-4,-1,7,1251
2210516788,-44,-23,-23,-13,-8,-1,-14,-58,1252
2210545095,25,13,13,4,-3,-13,-8,14,1253
2210545095,0,-14,-6,1,-2,-11,2,7,1254
2210546733,15,6,4,5,2,3,-5,-9,1255
2210546733,-29,1,6,7,7,8,8,-4,1256
2210552823,12,0,-3,-6,-3,2,2,5,1257
2210552823,-3,3,5,1,-1,5,8,18,1258
2210554190,8,7,5,1,0,-4,-7,-1,1259
2210554190,-17,-6,-3,1,1,-3,1,-10,1260
2210574454,-16,-6,-3,-4,-3,-1,-10,-40,1261
2210574454,0,2,1,-1,1,5,10,19,1262
2210575229,9,3,0,1,1,-1,-1,3,1263
2210575229,4,-2,3,-1,-3,-1,-7,-3,1264
2210596872,27,0,-11,-3,3,0,13,35,1265
2210596872,-24,4,6,2,2,5,-13,-36,1266
2210597665,-3,-7,0,4,-4,-2,5,-1,1267
2210597665,5,2,-16,-8,-3,-4,-4,-4,1268
2210620262,-12,2,14,7,6,-2,-7,-11,1269
2210620262,-10,-13,-18,-15,-9,6,2,9,1270
2210620861,-20,3,6,4,4,-8,1,-11,1271
2210620861,-13,8,18,11,2,-4,-8,8,1272
2210634834,16,-3,-14,-9,-5,1,6,33,1273
2210634834,-2,1,3,4,3,1,-6,-7,1274
2210635604,-2,-2,-3,-5,-3,5,-5,-11,1275
2210635604,4,0,-4,-3,-3,-5,5,-7,1276
2210657403,5,9,11,8,6,2,4,18,1277
2210657403,2,0,-3,0,0,0,-2,2,1278
2210658096,-1,0,-5,-3,-2,-1,-11,-25,1279
2210658096,19,-2,-4,-3,-2,-5,-4,9,1280
2210671896,29,7,1,0,-2,-5,7,-10,1281
2210671896,-66,-12,-4,-8,-9,-8,-14,-21,1282
2210672703,-13,-8,-3,1,3,9,11,9,1283
2210672703,7,-4,-2,0,2,1,-4,-18,1284
2210694392,-2,2,2,-3,-3,-2,-6,-4,1285
2210694392,28,7,-4,-2,0,1,12,-3,1286
2210695249,21,-11,-14,-9,-4,-3,-9,2,1287
2210695249,-22,1,12,5,0,-4,-6,-16,1288
2210717058,5,-11,-4,5,1,-2,-5,1,1289
2210717058,-39,2,6,3,-1,0,-3,-30,1290
2210717668,-2,-9,-13,-11,-4,2,1,13,1291
2210717668,18,0,-6,-2,-2,-4,8,23,1292
2210731446,-15,-3,1,2,0,-4,5,-2,1293
2210731446,29,9,10,6,-1,-1,-7,22,1294
2210739407,-2,3,6,4,4,2,0,-1,1295
2210739407,-5,3,6,3,5,13,3,7,1296
2210754503,-24,4,12,8,3,-2,1,11,1297
2210754503,-20,-26,-29,-25,-17,-19,-16,-10,1298
2210755387,-2,-1,-2,-7,-4,1,6,-15,1299
2210755387,17,-1,-3,0,1,-3,-12,6,1300
2210777056,8,6,16,8,4,8,13,24,1301
2210777056,14,3,-2,3,5,8,10,14,1302
2210777737,-9,-14,-12,-4,-2,-8,-4,-22,1303
2210777737,2,8,8,1,-4,-3,-5,4,1304
2210791239,18,1,0,-1,-1,8,5,9,1305
2210791239,-43,-12,-15,-5,4,2,15,19,1306
2210799526,24,12,11,5,3,9,10,20,1307
2210799526,-17,-4,6,4,-1,-10,-21,-30,1308
2210814413,25,-4,-23,-11,-4,1,7,25,1309
2210814413,-13,0,5,-3,-7,-2,-2,-47,1310
2210815152,-18,-9,-6,2,2,-2,-1,2,1311
2210815152,-3,-5,-6,-6,-2,-2,1,17,1312
2210836871,4,8,9,9,4,0,-11,-19,1313
2210836871,40,12,15,2,0,11,15,24,1314
2210837701,-4,-9,-24,-10,-4,-16,-5,7,1315
2210837701,-22,-13,-12,-10,-10,-3,-6,-33,1316
2210851204,-39,-11,-9,-13,-6,-9,-8,-44,1317
2210851204,25,12,16,11,7,10,1,25,1318
2210859462,-14,5,11,4,1,-3,-3,-27,1319
2210859462,2,-6,-6,-2,0,2,1,15,1320
2210874414,14,11,6,2,3,5,5,9,1321
2210874414,-5,-8,-2,1,2,6,4,17,1322
2210875206,11,1,-6,-6,-2,-6,-4,-27,1323
2210875206,3,-3,-1,-1,0,-3,-3,4,1324
2210896902,-21,4,9,-2,-4,3,1,-17,1325
2210896902,1,-22,-21,-2,2,-11,-9,1,1326
2210897710,34,9,9,7,1,9,14,32,1327
2210897710,-52,-10,-13,-8,-2,-3,-22,-59,1328
2210911327,19,4,5,0,-1,9,12,40,1329
2210911327,4,-5,-11,-9,-8,-15,-5,-10,1330
2210919459,-27,0,6,1,1,0,-3,-15,1331
2210919459,34,10,15,9,3,1,11,14,1332
2210934370,9,1,-7,-4,-4,1,-6,7,1333
2210934370,5,9,3,5,6,5,8,21,1334
2210935205,2,-2,1,-2,-6,-6,-6,-16,1335
2210935205,1,-5,-3,1,-2,0,10,11,1336
2210957093,-12,-9,-7,-4,-3,-1,4,0,1337
2210957093,22,6,8,2,-1,-10,-16,4,1338
2210958167,-14,-1,-1,0,-3,5,4,-6,1339
2210958167,12,8,9,7,9,3,0,17,1340
2210971376,-19,-11,-11,-7,-11,-18,-18,-7,1341
2210971376,-9,4,-3,-1,5,5,16,-34,1342
2210979370,17,-6,-2,0,-3,0,-29,5,1343
2210979370,-3,4,-3,-7,-4,8,10,-11,1344
2210994426,28,18,12,13,9,-14,0,14,1345
2210994426,8,-14,-19,-11,-6,2,7,2,1346
2210995158,-20,-1,1,0,0,-3,-15,-39,1347
2210995158,29,-1,1,3,-3,1,8,12,1348
2211016864,-39,-4,-10,-7,2,-1,-2,-13,1349
2211016864,16,3,2,-2,-8,-6,-3,-8,1350
2211017647,18,1,0,-1,0,-6,14,44,1351
2211017647,-40,-8,-6,-5,-1,-6,-13,-40,1352
2211031293,16,-4,-4,2,0,4,5,-10,1353
2211031293,-16,6,9,6,0,-1,-11,-14,1354
2211039405,8,-1,0,3,4,9,13,28,1355
2211039405,10,11,14,6,-1,-7,6,13,1356
2211054337,-20,-21,-21,-10,-4,-2,-22,-36,1357
2211054337,-5,4,1,3,-1,0,-13,9,1358
2211055121,-5,3,0,-2,-1,-1,-2,-6,1359
2211055121,17,7,6,6,1,4,4,12,1360
2211077392,-25,-8,6,5,3,6,4,-27,1361
2211077392,25,4,-3,-4,-2,-9,-5,14,1362
2211084548,-30,3,2,-3,-2,-3,-4,-42,1363
2211084548,2,-7,-11,-3,1,2,2,11,1364
2211091186,-6,-9,-11,-8,-5,-4,-12,-20,1365
2211091186,16,15,18,13,8,1,0,21,1366
2211099380,1,-5,2,2,-4,-1,-2,21,1367
2211099380,-24,-10,-18,-13,-2,4,4,-46,1368
2211114477,-1,10,16,6,1,-12,4,0,1369
2211114477,-30,-14,-10,-3,-3,-2,-23,-25,1370
2211115418,22,0,-2,-5,-7,2,-6,11,1371
2211115418,12,10,11,5,1,-1,15,32,1372
2211136846,8,0,-5,-1,-1,7,-6,1,1373
2211136846,3,3,11,3,1,0,14,12,1374
2211137647,-15,-4,-6,1,3,1,-5,-9,1375
2211137647,-10,-9,-9,-5,-3,3,-5,2,1376
2211151213,11,6,6,4,1,-10,4,12,1377
2211151213,10,8,9,5,4,6,7,9,1378
2211159593,7,8,13,7,5,-10,-6,0,1379
2211159593,-38,-30,-13,-2,-5,0,-9,-35,1380
2211174380,-27,-19,-41,-31,-14,-6,-5,-52,1381
2211174380,-1,0,-1,-3,-4,-6,-14,-13,1382
2211175169,0,1,0,1,1,4,12,30,1383
2211175169,19,10,9,10,5,-1,8,-2,1384
2211196924,-35,-8,8,7,2,1,-22,7,1385
2211196924,16,-9,-18,-15,-11,-3,-12,-11,1386
2211197646,-10,-4,-8,-6,-2,4,4,-27,1387
2211197646,16,9,10,3,0,-6,-3,28,1388
2211212729,26,6,9,8,7,9,21,33,1389
2211212729,-5,14,15,3,-1,-2,-2,-9,1390
2211219595,-25,-14,-11,-3,-3,-2,0,13,1391
2211219595,-5,-10,-16,-12,-6,2,-6,11,1392
2211234540,30,7,8,1,-2,-4,2,-4,1393
2211234540,-16,-6,0,4,-1,-5,-5,-4,1394
2211235192,33,15,11,6,4,5,0,6,1395
2211235192,-17,-4,-13,-10,0,0,8,3,1396
2211257564,-4,3,0,-2,0,10,11,20,1397
2211257564,13,8,10,13,7,2,12,2,1398
2211258552,-23,-22,-22,-15,-11,-11,1,-27,1399
2211258552,-6,11,10,0,-1,-1,6,1,1400
2211271197,27,-7,-4,-2,-4,-4,-23,13,1401
2211271197,-29,3,-9,-2,4,8,10,-10,1402
2211279507,-15,4,15,5,-1,0,4,16,1403
2211279507,35,-7,-6,2,0,-5,-15,11,1404
2211294378,-24,1,-2,-3,-3,4,14,-25,1405
2211294378,-4,-6,2,-1,-6,-7,-11,7,1406
2211295171,9,-6,-13,-3,1,3,4,12,1407
2211295171,1,7,1,-4,-7,-9,-11,-17,1408
2211316854,-16,2,6,7,5,8,13,2,1409
2211316854,9,-10,-11,-5,0,0,6,7,1410
2211317631,15,11,10,5,2,-5,6,-5,1411
2211317631,-30,-3,5,4,4,6,-10,-12,1412
2211332795,27,-4,-21,-16,-10,-10,0,25,1413
2211332795,-22,-3,-2,-5,-4,-5,-3,-38,1414
2211339124,-11,3,4,1,1,1,-5,1,1415
2211339124,17,6,3,4,3,7,13,25,1416
2211354744,-1,5,2,1,0,-8,-1,-10,1417
2211354744,1,-2,6,1,-4,-7,-6,14,1418
2211361928,39,1,-13,-4,-2,2,6,9,1419
2211361928,0,0,5,4,-3,-10,-20,-22,1420
2211376920,-59,2,14,11,6,11,14,15,1421
2211376920,4,-10,-22,-18,-7,5,2,-6,1422
2211377677,18,3,14,11,2,-12,-10,-5,1423
2211377677,-2,2,-7,-9,-3,0,3,-7,1424
2211391184,57,26,40,24,12,7,-7,22,1425
2211391184,-56,-31,-38,-15,-5,8,24,-18,1426
2211399382,-35,-3,-11,-12,-3,-9,-30,-57,1427
2211399382,2,-3,-4,0,3,8,14,34,1428
2211414362,-17,-2,2,-4,-5,-13,-10,-24,1429
2211414362,35,26,35,21,10,7,5,20,1430
2211415158,-16,-14,-17,-4,5,24,12,8,1431
2211415158,4,-5,-8,-10,-12,-34,-12,1,1432
2211452553,5,5,2,6,6,7,7,-13,1433
2211452553,-16,-8,3,2,-2,-2,-8,12,1434
2211453333,10,1,-10,-7,-3,1,0,15,1435
2211453333,-3,11,19,13,6,5,4,-26,1436
2211460187,-21,-13,-5,-6,-10,-8,-20,7,1437
2211460187,6,-19,-45,-23,-6,-3,14,16,1438
2211461389,9,14,21,4,-4,-8,-4,13,1439
2211461389,-11,-17,-18,-6,0,14,14,15,1440
2211474367,12,4,-8,-10,-5,-12,1,-23,1441
2211474367,9,-14,-9,-4,-6,-5,-25,-18,1442
2211475160,-2,4,8,4,3,0,2,-20,1443
2211475160,31,18,15,9,6,2,13,34,1444
2211504985,-11,-9,-5,-4,-5,6,1,15,1445
2211504985,3,7,8,-2,2,1,7,10,1446
2211505807,-10,-6,-5,1,-5,-11,8,0,1447
2211505807,-8,-6,-3,-6,-5,-1,-20,-16,1448
2211520202,5,1,-3,2,3,-3,-2,13,1449
2211520202,15,9,11,4,1,2,13,16,1450
2211521864,17,0,-3,-3,-1,6,-14,12,1451
2211521864,-38,-1,3,3,-2,-12,-4,-18,1452
2211534548,8,-7,-16,-14,-5,6,15,8,1453
2211534548,8,9,9,4,3,-12,-24,-4,1454
2211535143,-21,-6,-2,-6,-6,-5,-2,-6,1455
2211535143,16,10,16,10,3,4,3,18,1456
2211556865,40,16,0,2,10,10,13,18,1457
2211556865,2,-27,-38,-22,-11,-2,-6,-5,1458
2211557674,-27,-10,-6,4,6,4,-1,-30,1459
2211557674,-7,-12,-12,-11,-10,-5,-6,-20,1460
2211580144,23,6,9,4,1,-2,-6,-10,1461
2211580144,-45,20,35,22,12,5,0,6,1462
2211580843,-17,-8,-9,-12,-11,-5,1,-27,1463
2211580843,4,-12,-11,0,4,1,0,-16,1464
2211594353,-12,-10,-3,-4,-7,-7,-16,-15,1465
2211594353,-11,6,11,7,-1,-1,-4,13,1466
2211595142,-24,-2,1,-1,-3,-3,-1,-21,1467
2211595142,32,4,-3,-7,-3,-7,-9,18,1468
2211616591,-20,-8,-11,-4,1,1,9,-28,1469
2211616591,19,17,25,11,4,6,-1,30,1470
2211624387,-76,-13,-3,2,5,1,-10,-66,1471
2211624387,10,-17,-29,-16,-12,-7,2,4,1472
2211640021,-19,-13,-13,-10,-9,-5,-7,-15,1473
2211640021,49,9,5,6,1,1,3,12,1474
2211640845,-4,10,22,11,7,4,-1,31,1475
2211640845,26,7,12,11,6,1,3,21,1476
2211654357,44,-9,-17,-10,-9,-3,-1,26,1477
2211654357,26,-6,-18,-17,-9,6,18,24,1478
2211655146,-42,-5,-1,-3,-3,-15,-30,-70,1479
2211655146,17,8,12,0,-1,-2,6,65,1480
2211676974,-8,4,15,15,4,1,5,16,1481
2211676974,39,12,8,3,5,5,7,37,1482
2211677774,27,-8,-11,-3,0,-1,-2,-26,1483
2211677774,-20,-2,7,2,-1,22,10,-20,1484
2211700088,-15,-6,-9,-3,3,-18,-13,0,1485
2211700088,-40,0,3,1,4,7,-13,-93,1486
2211700932,27,9,16,13,-1,-16,3,32,1487
2211700932,48,16,0,-9,-4,11,11,24,1488
2211714380,-71,-23,-14,-7,-1,-1,1,-61,1489
2211714380,-26,-15,-15,-9,-5,-3,8,7,1490
2211715220,9,8,7,4,2,-5,-16,23,1491
2211715220,49,4,10,9,-1,-5,-11,-11,1492
2211736913,-33,-1,0,1,-2,2,-1,2,1493
2211736913,29,8,2,-7,-2,-4,7,3,1494
2211737711,-2,-2,-3,1,1,7,4,3,1495
2211737711,2,9,-2,3,5,-2,8,28,1496
2211760066,22,25,25,14,8,5,-4,-8,1497
2211760066,-38,-26,-19,-2,-7,-12,-13,-22,1498
2211760808,29,0,-11,-14,-5,6,22,68,1499
2211760808,37,22,14,9,7,-1,-9,-12,1500
2211774479,-76,-28,-22,-16,-13,-10,-33,-36,1501
2211774479,-35,-8,10,6,3,-3,-1,-86,1502
2211775207,20,10,7,-1,-6,1,-1,26,1503
2211775207,-42,-15,-37,-30,-11,-5,-13,-22,1504
2211796855,79,26,35,17,8,-2,23,75,1505
2211796855,2,-5,-10,3,5,6,9,11,1506
2211797660,32,0,-1,-3,-6,-3,-1,-36,1507
2211797660,-83,-18,1,6,2,-2,-4,15,1508
2211820027,86,11,14,15,9,7,-12,23,1509
2211820027,-98,-7,-17,-18,-15,-12,-10,16,1510
2211820870,-8,-3,-8,-10,-2,-1,4,31,1511
2211820870,18,-7,0,4,-1,3,5,-1,1512
2211834999,-30,1,2,6,6,3,4,0,1513
2211834999,31,2,10,5,-1,-5,-4,33,1514
2211835599,31,2,-14,-11,-5,6,8,67,1515
2211835599,-54,-9,-2,-3,-4,-9,-8,-67,1516
2211856860,-2,-8,-9,-5,1,3,5,25,1517
2211856860,36,3,3,11,5,-1,6,22,1518
2211857675,-2,12,12,-2,-4,1,2,7,1519
2211857675,46,-4,-7,-6,-3,-4,-5,23,1520
2211880130,-3,14,9,7,6,10,35,-40,1521
2211880130,-41,-12,-5,-10,-8,-19,-54,-79,1522
2211880864,9,-1,6,10,1,-3,-1,0,1523
2211880864,-63,-20,-25,-20,-8,-4,-8,-77,1524
2211894328,43,-3,-3,-5,-6,4,10,39,1525
2211894328,2,2,7,10,10,3,6,32,1526
2211895141,-2,2,-5,1,2,0,-5,-14,1527
2211895141,4,-6,0,2,-3,-3,7,4,1528
2211916813,1,-6,-9,-10,-11,-9,-23,-8,1529
2211916813,25,18,15,7,9,6,23,14,1530
2211917655,25,-2,2,-1,2,4,12,38,1531
2211917655,-9,7,5,0,0,-4,1,-25,1532
2211939498,4,-3,-1,-4,-3,-10,-19,6,1533
2211939498,17,-1,-11,-6,-1,10,6,12,1534
2211940154,-67,-29,-24,-10,-2,0,-2,-43,1535
2211940154,38,13,12,7,6,9,6,50,1536
2211954454,-1,16,23,15,8,9,-2,-3,1537
2211954454,14,4,-5,0,-1,-9,-8,-23,1538
2211955266,53,15,13,0,-6,-2,15,73,1539
2211955266,-73,-39,-44,-30,-14,-10,-25,-68,1540
2211976993,71,13,-1,0,0,7,22,43,1541
2211976993,-47,-8,12,12,-1,-3,-26,-40,1542
2211977717,-37,-17,-26,-3,9,5,11,41,1543
2211977717,-35,5,1,-6,-7,-1,2,-77,1544
2211999120,24,1,-7,-10,-8,-18,-27,4,1545
2211999120,14,2,9,0,-2,4,8,12,1546
2212006832,32,1,-3,5,9,3,5,13,1547
2212006832,77,35,38,29,18,8,17,82,1548
2212013955,-128,-48,-28,-19,-11,-6,-24,-128,1549
2212013955,39,5,2,-5,-12,-9,-8,52,1550
2212021836,-39,-22,-20,-9,-5,-7,-27,-71,1551
2212021836,28,4,0,4,2,0,-4,30,1552
2212036995,-1,14,17,5,1,0,7,17,1553
2212036995,10,19,20,11,9,12,11,29,1554
2212037603,24,-8,-3,-8,-5,-7,17,-21,1555
2212037603,-27,-35,-37,-14,-12,-15,-24,2,1556
2212059300,4,12,12,8,4,0,-4,3,1557
2212059300,2,-3,-14,-7,-2,2,17,15,1558
2212060150,5,3,3,0,1,7,-2,-40,1559
2212060150,-7,19,37,22,9,11,4,28,1560
2212073690,-2,-5,-19,-11,-7,-18,1,7,1561
2212073690,15,-8,-11,-8,-1,7,18,46,1562
2212081887,7,17,16,9,3,-3,-15,-18,1563
2212081887,-6,-12,0,2,-5,-4,11,33,1564
2212096889,-4,8,17,5,-1,6,-11,-14,1565
2212096889,15,-14,-26,-17,-8,-3,-2,0,1566
2212097610,33,3,-11,-2,4,3,1,33,1567
2212097610,3,2,6,2,1,2,9,-18,1568
2212119345,-42,-15,-9,-5,-3,-1,-9,-12,1569
2212119345,-59,-1,17,8,4,-10,-20,-29,1570
2212120098,2,1,9,6,-2,-1,3,33,1571
2212120098,23,6,-11,-8,1,6,9,21,1572
2212133650,22,-3,-11,-8,-2,6,5,9,1573
2212133650,-5,-2,-1,1,2,-3,-7,-14,1574
2212141851,-30,0,9,8,1,-17,-22,-56,1575
2212141851,8,30,35,14,4,2,1,19,1576
2212156849,5,-26,-43,-25,-11,8,18,16,1577
2212156849,15,4,7,5,1,-5,3,-5,1578
2212157689,8,8,8,-4,-5,8,15,13,1579
2212157689,19,14,8,6,10,3,0,22,1580
2212179454,-22,-3,2,-4,-7,-13,-24,-38,1581
2212179454,18,-19,-25,-7,-4,-6,-9,-21,1582
2212180193,-47,-10,-9,-10,-7,-2,-3,2,1583
2212180193,31,4,3,0,1,-3,5,-7,1584
2212193835,-9,6,8,9,4,4,-2,21,1585
2212193835,8,8,15,2,-4,-5,8,16,1586
2212201848,-3,-6,-14,-1,3,2,-4,-30,1587
2212201848,-13,-8,-12,-5,-3,-2,-6,17,1588
2212216844,-2,-2,1,1,3,5,11,-23,1589
2212216844,11,8,1,-1,5,17,3,20,1590
2212217711,9,20,27,9,-9,-32,-16,8,1591
2212217711,13,-15,-28,-21,-11,2,7,-32,1592
2212239522,-34,-18,-17,4,4,6,15,18,1593
2212239522,-15,-11,-9,-9,-6,2,6,-9,1594
2212240134,-21,-2,1,3,4,4,-2,-25,1595
2212240134,17,33,45,20,5,-4,-14,2,1596
2212253651,32,-4,-19,-16,-4,9,15,42,1597
2212253651,-13,-7,-15,-4,-2,-17,-8,-27,1598
2212261804,6,-8,-2,5,4,5,3,36,1599
2212261804,-28,-6,1,0,0,-9,-18,-32,1600
2212276907,30,23,28,17,9,9,10,23,1601
2212276907,-8,1,3,-1,-5,0,-3,7,1602
2212277973,-30,-18,-17,-12,-6,-1,-7,-55,1603
2212277973,-16,-8,-6,-2,-5,-4,-7,-12,1604
2212299309,-8,5,4,2,-1,-2,-5,-5,1605
2212299309,43,18,20,15,8,6,5,6,1606
2212300101,7,14,24,13,1,-6,-4,0,1607
2212300101,-76,-64,-74,-41,-15,-3,-4,-70,1608
2212313669,8,8,12,5,-1,-15,-32,4,1609
2212313669,-11,0,0,-2,-3,-10,-10,-40,1610
2212321892,30,24,34,23,12,24,21,56,1611
2212321892,21,10,5,-3,-2,-9,1,-10,1612
2212336974,-66,-39,-46,-28,-15,-14,-10,-72,1613
2212336974,6,4,8,1,-1,1,2,14,1614
2212337566,20,0,-5,-4,2,4,-4,8,1615
2212337566,30,10,10,14,7,3,6,37,1616
2212359324,14,3,0,-4,-4,-4,6,-16,1617
2212359324,-39,-3,16,14,7,4,-5,-15,1618
2212360201,30,-18,-34,-20,-8,1,10,-4,1619
2212360201,-12,-5,-5,-4,-2,0,-5,13,1620
2212382477,8,10,20,15,7,-1,13,45,1621
2212382477,-22,-10,-3,-1,-1,-1,6,4,1622
2212383326,40,9,-5,-3,2,6,1,13,1623
2212383326,-28,-4,6,-2,-7,-8,-7,2,1624
2212396961,3,1,-3,0,5,4,9,27,1625
2212396961,49,4,-14,-9,-1,3,17,26,1626
2212397685,-21,-4,2,2,1,2,-1,-23,1627
2212397685,20,2,2,12,7,4,-5,-16,1628
2212419344,1,12,8,0,-1,6,2,14,1629
2212419344,-62,-10,0,-5,-11,-25,-11,-24,1630
2212420085,8,-21,-29,-13,-2,3,13,27,1631
2212420085,-25,11,15,8,3,0,-12,-23,1632
2212442594,82,12,16,14,5,1,6,40,1633
2212442594,-40,-27,-25,-14,-8,7,-4,-32,1634
2212443368,-16,2,-8,-9,-5,-8,5,-2,1635
2212443368,4,0,5,1,-3,-7,-1,23,1636
2212456879,9,7,7,6,7,6,1,10,1637
2212456879,27,9,0,0,0,3,-9,19,1638
2212457641,-40,-7,8,7,-4,-9,-9,-18,1639
2212457641,9,-6,-15,-11,-4,4,6,5,1640
2212479493,-40,9,20,7,1,-8,-6,-31,1641
2212479493,25,-14,-37,-18,-4,5,-2,-2,1642
2212480365,-29,2,6,6,1,1,-3,3,1643
2212480365,5,-3,-1,-5,-7,0,-7,-18,1644
2212502467,-15,-5,9,4,-2,1,-7,-1,1645
2212502467,-10,10,20,8,3,-8,-7,-24,1646
2212503248,21,-13,-30,-14,-4,1,3,34,1647
2212503248,15,5,1,0,2,11,9,7,1648
2212516823,-1,-3,-5,-4,-3,-2,12,-9,1649
2212516823,20,12,16,7,2,1,-11,13,1650
2212517606,-11,15,18,6,-2,-1,-2,-27,1651
2212517606,2,-20,-33,-13,-2,4,-14,7,1652
2212539386,-10,-17,-18,-14,-8,-6,0,0,1653
2212539386,15,7,11,5,2,4,-5,-13,1654
2212540083,10,1,-3,-2,-1,2,7,20,1655
2212540083,-20,9,23,9,-1,-4,13,10,1656
2212562980,12,-13,-30,-14,-5,-3,-11,-4,1657
2212562980,-32,-7,3,-1,-1,-4,3,-20,1658
2212563777,73,31,24,9,6,11,1,57,1659
2212563777,-61,-22,-2,1,4,-1,5,-21,1660
2212576859,15,0,-6,-4,-3,-3,14,13,1661
2212576859,0,2,5,3,0,-15,-39,-23,1662
2212577734,-4,-7,-7,-9,-7,-7,4,-14,1663
2212577734,18,13,10,7,7,4,7,24,1664
2212599344,16,-1,-7,-4,-2,-2,-12,-5,1665
2212599344,-38,-2,0,-5,-6,1,16,-20,1666
2212600095,-32,-22,-10,2,-1,-2,-30,-46,1667
2212600095,14,5,-5,-5,1,-7,-1,8,1668
2212622538,46,4,12,6,3,3,1,10,1669
2212622538,-25,4,1,6,3,7,19,8,1670
2212623395,-18,3,6,0,-5,-14,-24,-52,1671
2212623395,5,-6,-1,-7,-9,-6,9,6,1672
2212637030,17,-3,-14,-8,-3,3,4,15,1673
2212637030,41,5,-2,3,8,8,10,36,1674
2212637942,-29,-12,-8,-3,-6,-2,4,3,1675
2212637942,-4,10,5,2,1,4,-3,-26,1676
2212659415,-25,1,4,1,-4,-13,-24,-33,1677
2212659415,12,-4,-10,-5,-1,4,10,23,1678
2212660445,15,0,-1,-1,1,3,4,-16,1679
2212660445,-21,8,10,8,4,-1,8,15,1680
2212682467,-11,0,4,8,4,6,-18,-5,1681
2212682467,7,-5,-10,-9,-9,-4,3,21,1682
2212683933,-6,-23,-31,-20,-12,-13,3,17,1683
2212683933,1,0,1,-1,-1,5,-16,-45,1684
2212696971,-25,0,3,0,2,5,7,-10,1685
2212696971,16,3,12,7,1,0,0,24,1686
2212698125,-6,1,8,2,-1,2,-9,-13,1687
2212698125,9,-11,-3,6,1,-2,8,19,1688
2212719308,-12,-4,-17,-14,-8,-6,-1,-5,1689
2212719308,40,18,11,4,3,5,-7,16,1690
2212720093,15,-1,-8,-4,0,1,10,10,1691
2212720093,-47,-11,19,16,1,-7,-18,-31,1692
2212742578,-27,-6,-14,-13,-6,4,14,3,1693
2212742578,9,-2,-7,-4,0,1,6,-9,1694
2212743263,-14,2,7,1,-4,-4,1,-10,1695
2212743263,16,7,-5,-3,5,3,6,37,1696
2212756814,27,19,23,18,9,2,-5,8,1697
2212756814,-7,-10,-9,2,3,-4,8,16,1698
2212757625,1,3,3,0,2,5,4,-8,1699
2212757625,-37,-13,-18,-9,-6,-1,-6,-41,1700
2212779527,-8,-12,-1,-3,-5,-8,-9,-6,1701
2212779527,-35,5,9,3,1,-1,-14,-5,1702
2212780336,13,9,20,17,6,-3,1,16,1703
2212780336,38,4,-17,-17,-9,-9,-5,-11,1704
2212802590,-23,-5,0,-1,-2,3,19,10,1705
2212802590,44,5,-2,3,5,10,12,-10,1706
2212803342,-50,-7,15,3,-7,-11,-29,10,1707
2212803342,-13,-27,-39,-19,-7,1,8,-24,1708
2212816802,5,-2,-2,-1,-4,-10,-8,-6,1709
2212816802,10,4,3,-3,-3,-4,3,-6,1710
2212817665,33,24,22,10,9,9,18,12,1711
2212817665,3,-5,2,3,-4,-4,-24,6,1712
2212839637,13,1,-5,-6,-2,-9,-1,-5,1713
2212839637,-12,-16,-20,-11,-8,-2,-6,-11,1714
2212840560,20,9,0,1,3,1,11,21,1715
2212840560,21,16,22,6,0,3,3,22,1716
2212862486,-26,-9,0,9,4,1,12,11,1717
2212862486,-42,-18,-28,-20,-9,-6,-9,-46,1718
2212863275,17,3,1,1,2,2,-8,6,1719
2212863275,0,4,-4,-1,2,6,19,12,1720
2212876855,26,16,23,9,-5,-29,-30,-6,1721
2212876855,23,12,11,7,0,3,17,26,1722
2212877645,-61,-25,-19,-9,-4,-5,-27,-31,1723
2212877645,19,11,8,0,-2,-2,5,12,1724
2212899376,11,-7,-5,-4,0,9,6,9,1725
2212899376,34,6,9,10,11,7,3,20,1726
2212900135,-6,-4,-7,-4,-4,-2,1,-13,1727
2212900135,-18,-2,14,11,6,1,-9,-11,1728
2212930105,10,1,-8,-10,-4,6,3,29,1729
2212930105,6,2,0,-2,-1,-7,-3,-13,1730
2212930797,20,-2,-14,-10,-4,0,-2,-6,1731
2212930797,-32,-10,5,3,-1,-9,-11,-42,1732
2212936826,-26,-7,2,3,4,9,11,-31,1733
2212936826,-3,-5,-2,-1,-2,5,0,18,1734
2212937559,9,-1,-7,-1,1,-3,4,-8,1735
2212937559,17,11,7,8,5,3,11,35,1736
2212959189,40,9,10,1,-2,6,-15,-7,1737
2212959189,-93,-14,-9,-15,-13,-12,-5,-84,1738
2212966819,4,0,3,7,3,2,6,30,1739
2212966819,-23,-23,-26,-17,-8,-4,-9,-13,1740
2212982903,23,14,8,6,5,16,16,21,1741
2212982903,-7,-2,3,2,0,-7,-17,-21,1742
2212983554,-8,21,39,19,9,1,10,16,1743
2212983554,-15,-21,-31,-16,-4,-13,-15,-2,1744
2212996205,8,-6,-15,-9,-2,-1,-4,5,1745
2212996205,21,11,19,15,7,4,17,48,1746
2213004520,-1,-1,-6,-8,-5,4,-12,-47,1747
2213004520,0,6,-3,-4,-3,-1,-2,28,1748
2213027628,-27,-9,-4,0,-4,-10,-12,-41,1749
2213027628,0,-6,-11,-7,-4,-2,-12,-7,1750
2213028319,-10,-2,12,10,4,4,13,9,1751
2213028319,34,12,8,7,4,-3,10,47,1752
2213042543,-3,-5,3,-4,-11,-13,-27,-46,1753
2213042543,-30,-26,-41,-19,-4,0,5,-10,1754
2213043295,-15,-6,2,2,-6,-6,-8,10,1755
2213043295,18,3,-6,-12,-5,2,0,-22,1756
2213056221,-11,15,15,12,9,10,16,32,1757
2213056221,27,3,7,4,3,-5,-5,20,1758
2213064359,13,-11,-12,-13,-10,-4,-9,-7,1759
2213064359,-7,4,-1,0,3,5,0,-13,1760
2213079276,-13,-6,2,2,-1,-13,-6,-6,1761
2213079276,1,7,5,-1,-3,0,6,-7,1762
2213080157,16,-6,-20,-11,-4,-2,-15,14,1763
2213080157,1,15,24,12,3,5,0,4,1764
2213102573,12,-6,-10,-6,1,5,17,13,1765
2213102573,-29,1,6,5,1,-1,7,-10,1766
2213103307,11,-6,-10,-6,-5,-1,-8,13,1767
2213103307,43,8,7,7,4,-1,3,21,1768
2213116153,-28,-13,-21,-9,-4,1,-1,27,1769
2213116153,22,3,-1,-2,-2,2,-2,-16,1770
2213124304,-12,3,4,-1,-2,-11,-1,-23,1771
2213124304,-4,-1,-2,-7,-6,2,0,-8,1772
2213139305,34,17,11,4,5,0,3,44,1773
2213139305,-27,-19,-16,-8,-6,0,-1,2,1774
2213140121,22,5,-4,2,3,3,3,11,1775
2213140121,-36,-13,-3,-3,-4,-5,-8,-49,1776
2213162684,25,5,5,6,4,1,-4,-19,1777
2213162684,10,5,5,-1,-6,-4,2,33,1778
2213163486,-5,0,-4,-1,4,4,-17,-46,1779
2213163486,-16,-9,-4,0,0,-7,-22,-10,1780
2213176131,18,7,4,0,-1,2,18,29,1781
2213176131,34,6,5,3,0,11,11,24,1782
2213184309,-25,-2,-2,1,0,-1,0,-14,1783
2213184309,0,23,19,5,-2,-2,11,6,1784
2213199377,-34,-42,-41,-17,-16,-19,-16,-51,1785
2213199377,14,-4,-5,-1,0,3,-15,-14,1786
2213200224,20,-2,-4,-1,1,-4,18,36,1787
2213200224,-25,-4,2,0,-5,2,-9,-16,1788
2213223047,6,5,-2,0,-3,-4,-2,-8,1789
2213223047,-10,-5,2,0,-1,-2,6,3,1790
2213223752,-6,3,2,-1,2,1,-1,-19,1791
2213223752,-5,-11,0,4,2,-7,4,20,1792
2213236176,14,17,11,5,4,8,12,9,1793
2213236176,-15,-9,-8,-9,-6,-6,-14,-8,1794
2213244436,2,-4,-7,-3,-2,1,-3,-10,1795
2213244436,32,2,2,3,1,2,15,28,1796
2213259273,-44,-3,-1,3,8,6,-1,-23,1797
2213259273,33,7,3,0,-4,-8,-15,15,1798
2213260222,-47,-9,-7,-1,1,2,9,14,1799
2213260222,0,0,-4,-3,-2,2,-19,-36,1800
2213282712,3,7,14,4,-2,6,23,30,1801
2213282712,-6,-2,-14,-5,-1,-12,-17,-28,1802
2213283634,22,1,4,0,-2,4,-2,21,1803
2213283634,3,-3,-10,-1,0,4,14,12,1804
2213304057,-18,18,25,4,0,1,-7,-12,1805
2213304057,-27,-29,-27,-12,-7,-5,-7,-21,1806
2213312076,-14,2,4,-3,-4,-7,1,-12,1807
2213312076,27,17,12,8,11,8,8,18,1808
2213319322,-13,-11,-8,-2,-5,-12,-31,-28,1809
2213319322,11,10,6,-1,-3,-1,18,26,1810
2213320093,7,-3,-8,1,3,2,-6,-22,1811
2213320093,-21,-2,-1,-8,-8,-6,9,28,1812
2213342601,19,-10,-2,5,5,6,-7,-23,1813
2213342601,-1,6,8,7,6,-1,0,11,1814
2213343333,-21,-1,2,0,0,4,10,-18,1815
2213343333,31,2,6,4,-4,-10,-6,-3,1816
2213364957,-22,-3,-11,-15,-10,-14,-23,11,1817
2213364957,10,2,10,8,8,13,5,-37,1818
2213365735,-24,-18,-11,-10,-10,-16,-5,-2,1819
2213365735,10,13,8,1,2,7,17,7,1820
2213379398,-28,-25,-37,-12,-2,2,1,-4,1821
2213379398,-5,7,18,5,-1,-1,-1,-17,1822
2213380109,3,0,-13,-5,1,1,-6,8,1823
2213380109,-39,-17,-9,-2,-4,-20,-26,-39,1824
2213402544,5,-5,0,-5,-6,3,5,17,1825
2213402544,7,21,26,13,5,-2,1,-23,1826
2213403215,2,-8,-15,-12,-5,5,11,24,1827
2213403215,-26,-10,-9,-4,-1,0,-9,-14,1828
2213424959,15,7,13,9,3,-3,11,-7,1829
2213424959,-10,-1,-4,0,0,0,1,25,1830
2213425844,31,6,5,3,0,-2,-3,3,1831
2213425844,17,-3,-2,-6,-3,11,10,-5,1832
2213447677,-18,-15,-9,-10,-13,-33,-28,-5,1833
2213447677,8,3,1,2,3,-1,-12,-3,1834
2213448542,21,14,10,3,-2,-2,13,23,1835
2213448542,-18,-13,-11,-3,-5,4,-2,-5,1836
2213462471,18,8,11,1,4,16,6,0,1837
2213462471,15,-12,-24,-14,-9,-18,3,13,1838
2213463284,-38,-3,8,5,4,3,-13,-17,1839
2213463284,21,4,8,5,1,0,6,19,1840
2213485558,14,15,11,5,4,10,10,-13,1841
2213485558,-36,-20,-14,-4,-5,-9,1,-11,1842
2213486632,42,29,33,18,8,6,1,32,1843
2213486632,-79,-37,-31,-18,-8,-9,-3,-23,1844
2213499386,20,16,10,5,2,2,4,4,1845
2213499386,-11,-8,-15,-2,4,15,9,33,1846
2213500155,-31,-15,-11,-7,-5,-6,-6,-73,1847
2213500155,40,17,12,5,2,1,-7,18,1848
2213522537,-35,-10,-9,3,2,0,9,10,1849
2213522537,31,12,20,9,-2,14,-12,24,1850
2213523248,-16,-10,-13,-10,0,-4,17,-15,1851
2213523248,5,11,11,3,-5,-27,-30,-19,1852
2213544808,3,-8,1,11,7,18,12,17,1853
2213544808,6,-4,-10,-11,-9,-12,-6,-16,1854
2213546635,7,8,12,8,9,10,20,41,1855
2213546635,43,-10,-19,-13,-7,1,7,15,1856
2213567556,-3,8,5,7,9,-1,8,9,1857
2213567556,-39,-7,13,4,-8,-3,-17,-14,1858
2213568245,44,-7,-24,-16,-5,4,10,21,1859
2213568245,-34,5,10,7,4,-4,-17,-41,1860
2213582458,11,-2,6,3,-1,-2,-6,24,1861
2213582458,2,-4,-6,3,4,4,5,-42,1862
2213583293,-18,5,18,10,1,-5,-11,-25,1863
2213583293,10,-14,-41,-22,-2,6,11,4,1864
2213605012,10,-4,-3,-9,-8,8,-4,-6,1865
2213605012,-14,1,-7,-6,-2,-16,-1,6,1866
2213605787,0,-5,1,1,-5,-6,-18,24,1867
2213605787,18,14,19,11,6,-1,13,17,1868
2213619260,-26,-10,-16,-7,-1,10,-2,-22,1869
2213619260,-18,0,4,-2,1,-10,-9,-1,1870
2213620103,23,0,-3,-4,-6,3,4,3,1871
2213620103,-35,-3,4,2,-4,-10,-25,-26,1872
2213642428,15,5,-3,0,2,0,20,42,1873
2213642428,5,7,15,10,7,15,5,-5,1874
2213643226,-18,-9,-17,-14,-6,0,-11,-46,1875
2213643226,7,2,10,6,-4,-20,-4,16,1876
2213664986,-3,-5,-3,-1,-2,-2,-10,-23,1877
2213664986,27,7,-5,-1,5,4,0,21,1878
2213665760,2,-6,-5,-7,-10,-6,5,20,1879
2213665760,-25,-7,-5,0,0,11,10,-21,1880
2213679284,8,6,12,0,-8,-14,-10,-9,1881
2213679284,6,-11,-20,-9,-2,4,4,28,1882
2213680067,-10,4,12,7,4,0,-5,-4,1883
2213680067,4,6,8,-1,1,6,0,-8,1884
2213702487,21,-8,-8,-1,2,-5,4,25,1885
2213702487,-3,13,20,10,4,4,12,23,1886
2213703268,-1,-9,-6,-5,-4,-2,3,-4,1887
2213703268,9,1,5,4,-2,1,-5,11,1888
2213724993,-25,-4,-10,-9,-5,-5,-6,-11,1889
2213724993,22,4,-1,-4,-2,1,-3,-14,1890
2213725761,24,9,3,6,3,-1,-3,31,1891
2213725761,1,5,14,6,3,8,25,24,1892
2213739600,-18,-6,-8,-3,-4,-2,-17,-9,1893
2213739600,-54,-10,1,-4,-9,-13,-2,-38,1894
2213740228,-26,-2,2,-4,-4,-3,-14,-39,1895
2213740228,36,-18,-27,-7,3,10,9,27,1896
2213762683,-25,-1,5,7,1,6,12,4,1897
2213762683,25,16,12,6,1,-10,-4,18,1898
2213764293,-23,-16,-5,0,-2,-2,-5,-24,1899
2213764293,10,13,8,4,2,5,1,5,1900
2213792660,26,-1,-1,1,2,-2,3,0,1901
2213792660,-12,-8,0,3,4,11,-1,3,1902
2213794090,-4,-1,-3,-2,-4,-1,5,6,1903
2213794090,11,4,-5,-2,-3,-19,-12,28,1904
2213799311,-15,-3,8,1,-3,-11,-12,-30,1905
2213799311,4,1,1,5,9,16,6,16,1906
2213800522,19,29,18,6,5,10,8,-6,1907
2213800522,-17,-34,-31,-16,-5,13,4,-21,1908
2213821570,-3,8,3,-3,-7,-23,-12,-18,1909
2213821570,25,8,22,16,6,-2,1,15,1910
2213829392,13,3,-10,-8,-1,5,15,43,1911
2213829392,-25,-1,-2,-3,-1,4,-8,-19,1912
2213845033,-4,-2,-4,-7,-3,1,6,2,1913
2213845033,14,0,-2,-1,0,-1,0,9,1914
2213846065,-1,-6,2,2,2,0,4,-2,1915
2213846065,9,7,6,-1,-6,-2,2,16,1916
2213859321,-14,-6,-7,-2,1,-2,-10,-32,1917
2213859321,15,4,-1,-4,-2,-4,-3,-2,1918
2213860444,19,6,13,14,4,-2,12,22,1919
2213860444,-59,-14,-7,-9,-6,-9,-20,-27,1920
2213882750,30,-5,-35,-25,-5,24,16,-16,1921
2213882750,6,-14,-8,0,-2,-15,-21,-38,1922
2213883348,-49,-7,9,8,0,-20,-24,-19,1923
2213883348,48,6,-5,-5,-1,3,12,48,1924
2213905115,-10,22,25,16,6,0,-1,6,1925
2213905115,-25,-6,4,3,0,4,-4,-14,1926
2213906121,14,-16,-26,-16,-6,6,7,14,1927
2213906121,6,-5,-1,-4,-3,-7,-13,-47,1928
2213918600,-20,0,3,1,1,4,16,21,1929
2213918600,-9,3,-1,-5,-6,-6,0,0,1930
2213926795,19,3,9,8,8,6,3,13,1931
2213926795,17,9,9,9,3,-2,-1,-15,1932
2213941761,7,-4,-4,-11,-6,-1,10,-10,1933
2213941761,-37,-15,-14,-11,-9,-14,-16,-40,1934
2213950306,-7,-3,-5,-3,-2,1,4,-14,1935
2213950306,31,15,17,8,5,10,17,28,1936
2213964953,-16,-1,0,8,9,6,-5,-17,1937
2213964953,20,-8,-15,-10,-10,-12,-1,23,1938
2213965794,-28,-6,-7,-3,-4,-11,-16,-13,1939
2213965794,41,15,-2,-6,2,9,21,14,1940
2213978738,-11,-15,-9,-2,-1,-9,-17,-16,1941
2213978738,-37,-8,-18,-15,-7,8,0,-19,1942
2213986801,-6,6,14,8,1,-4,-13,12,1943
2213986801,-1,-3,-2,-2,-2,0,3,2,1944
2214002514,29,0,9,7,0,-3,3,31,1945
2214002514,8,-3,-20,-14,-2,9,12,22,1946
2214003372,-3,-9,-6,-1,0,-4,11,-19,1947
2214003372,-7,10,23,17,7,-2,-18,-1,1948
2214024958,-27,-14,-15,-15,-9,-13,-5,-59,1949
2214024958,11,9,13,11,5,-5,-23,-8,1950
2214025757,-2,1,-4,-4,-6,1,6,11,1951
2214025757,13,2,-4,1,-1,9,31,33,1952
2214038568,-18,2,9,4,-1,-15,-43,-26,1953
2214038568,12,10,9,3,-4,-4,0,-17,1954
2214046898,-10,-10,-20,-17,-10,-7,-12,-13,1955
2214046898,-17,-8,-7,-2,0,-2,3,-5,1956
2214062551,10,14,25,18,7,9,23,66,1957
2214062551,0,-5,-20,-12,0,8,13,9,1958
2214063344,-4,3,13,4,2,1,-5,-1,1959
2214063344,-28,-9,1,4,-3,-8,-11,-14,1960
2214084924,3,-1,0,-9,-5,1,0,5,1961
2214084924,24,5,6,4,2,1,4,23,1962
2214085763,-7,1,3,2,2,2,9,-16,1963
2214085763,-14,-5,-9,-3,-1,0,-19,-25,1964
2214098822,-23,1,6,4,-2,-15,-11,3,1965
2214098822,-9,-11,-5,-4,-2,5,2,-9,1966
2214106770,38,-5,-16,-11,-3,-1,7,-11,1967
2214106770,-23,5,14,1,-5,-13,-29,-34,1968
2214121735,54,10,9,11,7,17,32,48,1969
2214121735,-64,-16,-8,-7,-5,-8,-8,-33,1970
2214122663,10,4,2,1,0,-13,-13,12,1971
2214122663,5,-10,-21,-11,-2,4,18,22,1972
2214144998,31,4,7,2,-2,0,14,0,1973
2214144998,-30,-15,-20,-13,-4,0,1,-16,1974
2214146046,-5,2,0,-1,-4,-13,-29,-31,1975
2214146046,-11,-4,1,-2,-4,-4,-3,14,1976
2214158704,3,5,1,4,8,2,-7,-15,1977
2214158704,47,21,16,6,-2,8,15,60,1978
2214166604,-17,-3,4,2,0,6,4,-31,1979
2214166604,3,-12,-24,-16,-8,-12,-13,-24,1980
2214182542,-21,-3,-10,-1,0,5,6,6,1981
2214182542,-8,-2,3,3,4,-2,-5,-26,1982
2214183256,-8,0,1,3,3,5,10,29,1983
2214183256,25,9,13,9,5,3,13,6,1984
2214205017,-41,-5,0,-3,-6,-1,-9,-10,1985
2214205017,19,0,-5,2,0,-6,9,4,1986
2214205798,6,9,8,3,-1,0,-15,-11,1987
2214205798,-34,-11,-5,-4,-1,4,-5,-6,1988
2214218636,33,3,2,3,-1,-2,-3,-10,1989
2214218636,-10,-10,-2,-4,-2,-14,-40,-10,1990
2214226755,-5,-3,-14,-10,-5,5,9,19,1991
2214226755,6,-11,-9,0,2,-6,-4,-6,1992
2214242453,-9,-7,-23,-24,-13,0,0,-48,1993
2214242453,8,9,10,4,2,-1,10,28,1994
2214243339,-10,-5,9,10,4,3,-13,0,1995
2214243339,-35,-2,-4,-8,-8,-7,0,-10,1996
2214264972,42,5,-1,1,2,0,6,29,1997
2214264972,-20,6,13,10,3,3,16,2,1998
2214265760,-11,-9,-22,-13,-5,0,-1,-22,1999
2214265760,21,11,9,6,5,3,-11,19,2000
2214287480,8,-3,-5,-6,-6,-5,9,38,2001
2214287480,-27,-23,-30,-21,-9,-3,-14,-53,2002
2214288238,31,9,12,8,3,2,7,4,2003
2214288238,-18,-5,7,5,-1,3,18,2,2004
2214302611,11,19,19,11,6,-18,-17,8,2005
2214302611,36,3,-7,-2,0,14,7,59,2006
2214303486,-2,1,-1,-5,-5,-9,3,-19,2007
2214303486,-21,-10,-10,-9,-3,10,11,-25,2008
2214324915,-12,7,10,10,10,4,-10,-1,2009
2214324915,-9,-15,6,6,-6,-11,-8,-30,2010
2214325726,9,-9,-20,-17,-4,8,10,21,2011
2214325726,33,20,23,17,6,19,11,45,2012
2214347513,-15,-31,-34,-16,-7,-18,-4,-32,2013
2214347513,-17,2,8,0,-7,-16,-15,-13,2014
2214348252,1,7,9,6,1,2,5,9,2015
2214348252,-5,6,2,-1,-2,-9,-9,-3,2016
2214362500,5,-7,3,5,3,14,16,27,2017
2214362500,13,6,-2,-1,-3,2,5,-9,2018
2214364042,-8,-2,-10,-4,1,2,-5,0,2019
2214364042,-11,-1,-1,-3,-4,-5,-3,-17,2020
2214385040,-9,-5,-4,-1,0,6,9,7,2021
2214385040,4,20,24,12,9,6,1,-7,2022
2214385813,-10,-12,-8,0,-8,-24,-22,-10,2023
2214385813,-13,-9,-14,-13,-9,-3,-8,7,2024
2214407395,-28,0,0,-5,-5,0,-2,-4,2025
2214407395,51,18,23,16,11,-2,-5,19,2026
2214408185,-54,2,5,1,1,9,24,20,2027
2214408185,0,-13,-7,1,4,-1,1,-56,2028
2214421045,21,6,-11,-16,-10,-5,-16,4,2029
2214421045,-7,3,8,4,3,4,20,12,2030
2214430183,37,2,-2,1,5,9,6,33,2031
2214430183,-5,1,2,3,1,1,13,18,2032
2214444949,-21,-3,-1,-1,2,0,-24,-58,2033
2214444949,30,7,6,3,-1,-7,-2,39,2034
2214446583,-14,-2,2,2,-2,-1,-2,-8,2035
2214446583,10,5,8,2,0,6,1,-10,2036
2214467485,15,-8,-18,-8,-1,1,41,11,2037
2214467485,-30,-17,-15,-6,-2,-7,-70,-32,2038
2214469061,18,2,-3,-5,0,-4,-12,-3,2039
2214469061,-2,13,8,5,5,0,-10,9,2040
2214481185,34,-5,-6,-1,1,12,15,21,2041
2214481185,-28,-11,-5,-10,-9,-1,20,5,2042
2214490777,8,-4,-4,-2,-2,2,-5,-6,2043
2214490777,6,3,5,3,1,-3,-16,-6,2044
2214505080,-1,6,14,10,5,-6,-28,-1,2045
2214505080,38,30,23,13,3,10,25,34,2046
2214506622,-53,-29,-14,-1,3,10,3,20,2047
2214506622,-7,-11,-15,-13,-12,-12,-11,-61,2048
2214527546,-20,-2,0,-2,-3,-11,-12,8,2049
2214527546,1,10,8,4,6,13,45,32,2050
2214529074,38,12,25,21,6,6,-8,3,2051
2214529074,-8,2,-13,-12,-4,-6,-4,17,2052
2214541091,-27,-13,-13,-3,-5,0,-19,-26,2053
2214541091,21,6,11,6,5,3,15,-11,2054
2214557666,5,6,4,-2,-8,-12,-8,3,2055
2214557666,-5,-37,-42,-18,-6,1,-13,6,2056
2214564911,4,16,21,8,-3,-11,4,-11,2057
2214564911,-2,-23,-39,-18,-4,1,-8,-6,2058
2214566567,-40,10,11,1,-1,-4,-5,-35,2059
2214566567,0,5,18,11,1,-6,2,6,2060
2214594932,-21,2,7,2,1,5,6,12,2061
2214594932,0,-9,-17,-13,-7,-2,-4,-10,2062
2214596614,-5,-5,-12,-8,1,-1,11,6,2063
2214596614,6,12,7,0,-1,-3,-3,-1,2064
2214610012,-2,2,10,6,2,0,6,-8,2065
2214610012,0,5,3,4,3,2,-8,3,2066
2214611585,-1,-4,-3,-3,-1,-1,-10,-8,2067
2214611585,8,2,8,5,-1,-3,21,9,2068
2214625003,-2,2,6,3,3,2,-2,-3,2069
2214625003,-5,-5,-5,3,3,7,5,8,2070
2214626553,1,8,13,1,-5,-10,-5,-35,2071
2214626553,14,-7,-14,-1,3,2,-6,0,2072
2214647392,-44,-32,-32,-18,-10,4,-2,5,2073
2214647392,-19,4,15,4,0,-2,6,-7,2074
2214649013,33,-6,-10,-4,-1,0,-6,4,2075
2214649013,-27,-3,6,6,-2,-24,1,-18,2076
2214661112,2,-6,-13,-15,-9,-6,-23,-4,2077
2214661112,-17,-2,-4,-8,-9,-6,-19,-69,2078
2214677629,8,1,4,5,4,8,19,37,2079
2214677629,49,23,12,6,5,8,4,34,2080
2214684923,-43,-17,-24,-11,-4,2,-7,1,2081
2214684923,-41,-24,-16,-12,-14,-26,-33,-71,2082
2214686547,43,19,12,5,0,-1,10,26,2083
2214686547,-37,-12,-12,-6,2,6,7,-4,2084
2214707437,32,16,19,12,6,6,9,0,2085
2214707437,1,1,-5,-6,-4,1,-13,9,2086
2214709058,-18,-9,-9,-5,-2,-2,7,-7,2087
2214709058,17,5,9,1,-3,-1,-6,12,2088
2214729998,6,-1,-2,2,1,3,11,-3,2089
2214729998,12,3,5,6,5,0,4,18,2090
2214731558,53,13,2,4,3,4,-4,3,2091
2214731558,-53,-19,11,6,-4,5,2,-8,2092
2214744926,12,-6,-35,-24,-10,-11,9,0,2093
2214744926,7,4,0,2,1,2,9,30,2094
2214746563,-6,-3,-8,-11,-4,-6,-1,-5,2095
2214746563,2,1,18,18,-1,-1,-18,-6,2096
2214767471,10,5,8,7,3,1,-2,2,2097
2214767471,0,-1,6,4,1,4,16,27,2098
2214769059,1,2,-7,-3,-2,3,5,7,2099
2214769059,-2,-2,-8,-8,1,-4,-10,-18,2100
2214781129,-1,-1,3,-1,-4,-6,-1,2,2101
2214781129,11,2,-5,-3,2,5,11,20,2102
2214791784,8,-3,1,2,-1,4,-5,6,2103
2214791784,-18,-9,-15,-10,-5,-6,1,-18,2104
2214804947,8,5,6,4,3,3,4,8,2105
2214804947,-8,-3,-3,-3,-4,-7,-25,-8,2106
2214806543,-7,-2,2,0,0,-3,0,-6,2107
2214806543,25,5,0,-2,-1,4,9,21,2108
2214834907,0,3,6,2,3,4,-4,-30,2109
2214834907,-10,-4,-5,-2,0,-5,-2,-4,2110
2214836584,-17,-17,-32,-21,-8,-7,-14,-8,2111
2214836584,7,11,0,-2,6,5,11,5,2112
2214841060,-5,-2,17,9,-9,-7,-13,-5,2113
2214841060,11,-2,-28,1,3,7,9,4,2114
2214850074,-15,0,21,-6,-5,-5,-7,-13,2115
2214850074,2,-6,-10,9,-2,-2,-3,-2,2116
2214864002,10,4,4,-5,5,1,-1,2,2117
2214864002,-2,-2,0,5,-2,-1,1,-11,2118
2214872573,-9,-7,-17,-3,4,5,9,21,2119
2214872573,1,4,-7,-8,-1,-6,-15,-9,2120
2214887551,1,0,2,0,-1,1,-9,-15,2121
2214887551,7,3,6,1,2,9,19,22,2122
2214889993,-16,-5,1,1,-2,-13,-16,-24,2123
2214889993,12,4,11,2,0,-1,8,23,2124
2214901071,-1,-2,-2,2,-2,-15,-12,-12,2125
2214901071,-4,-1,2,-4,-1,5,14,8,2126
2214910192,-1,0,4,7,0,5,1,-5,2127
2214910192,8,0,-1,-5,-3,-5,-8,-4,2128
2214924963,0,0,-5,0,2,5,1,-3,2129
2214924963,-3,-1,1,-3,-2,-8,-3,6,2130
2214926537,-5,0,8,6,-1,-1,8,-4,2131
2214926537,2,-3,-2,-6,-1,-2,-9,-22,2132
2214947898,0,1,-1,-1,0,3,5,-4,2133
2214947898,-2,2,7,2,1,-3,2,-9,2134
2214949548,-8,-2,-2,3,-2,-3,-10,-27,2135
2214949548,2,0,-3,-2,0,1,6,23,2136
2214961200,-1,0,0,-1,0,2,0,0,2137
2214961200,0,0,4,2,-1,4,3,-11,2138
2214970016,2,-1,-3,-1,-2,0,3,2,2139
2214970016,-10,-4,-3,-4,-1,-5,-24,-15,2140
2214984961,2,-1,2,1,-1,1,3,6,2141
2214984961,8,1,1,-1,-1,-4,-18,10,2142
2214986541,-16,-3,-1,0,-1,-1,3,8,2143
2214986541,0,1,2,1,0,4,8,-5,2144
2215007402,3,3,0,1,2,2,5,20,2145
2215007402,7,-3,-1,-3,0,0,11,-6,2146
2215009051,-1,0,-1,-3,-4,-6,-30,-24,2147
2215009051,-10,-5,-2,-1,-2,0,-1,-9,2148
2215031391,10,12,-1,-2,0,-1,7,17,2149
2215031391,1,-9,-4,-3,-2,-2,10,4,2150
2215032965,3,4,1,2,1,1,6,6,2151
2215032965,14,-8,-2,-1,1,2,14,11,2152
2215045222,-7,-2,2,3,4,5,6,4,2153
2215045222,12,14,1,-4,-5,-8,-14,-28,2154
2215046811,-32,-22,-4,-3,-5,-6,-13,25,2155
2215046811,-2,2,-1,-2,-1,-2,1,5,2156
2215066607,-1,-4,-3,1,-1,1,7,-4,2157
2215066607,-4,-2,-1,1,0,1,-6,4,2158
2215075126,10,5,1,2,3,3,4,-1,2159
2215075126,-1,4,0,-2,-2,0,11,18,2160
2215081145,-4,-5,-1,-3,-3,-6,-26,-27,2161
2215081145,-8,-1,-1,-2,-1,-2,-5,-1,2162
2215091099,9,5,2,2,2,5,22,17,2163
2215091099,0,-1,1,0,0,-3,-13,-2,2164
2215112654,0,-1,-7,-2,0,-1,12,-4,2165
2215112654,-7,-1,0,0,-1,-1,-7,-6,2166
2215114062,5,3,1,1,0,2,6,9,2167
2215114062,0,1,0,1,0,6,18,1,2168
2215127436,-4,-3,1,1,-1,-2,-5,2,2169
2215127436,-4,-2,-1,-3,-6,-10,-20,-9,2170
2215129113,-2,-1,-3,-2,-4,-1,18,19,2171
2215129113,-2,1,3,-2,1,3,5,10,2172
2215141174,2,0,-12,0,1,0,-1,10,2173
2215141174,-8,-5,2,1,2,2,-3,-10,2174
2215150072,0,1,2,1,-2,-2,-5,-12,2175
2215150072,-5,0,-1,-1,-2,-3,-2,-16,2176
2215164971,-4,-1,-12,-4,2,4,8,6,2177
2215164971,1,-2,12,5,-2,1,19,5,2178
2215166571,-5,1,-6,1,-3,-10,-33,-11,2179
2215166571,6,1,16,5,1,0,-2,0,2180
2215187441,-5,-4,-5,-4,-3,-1,10,-9,2181
2215187441,4,0,-10,-1,-2,0,3,8,2182
2215189131,-5,0,1,-5,-1,-3,8,-13,2183
2215189131,1,-1,-4,-3,-1,-1,-24,-6,2184
2215208991,-2,-1,3,0,-4,-4,-3,3,2185
2215208991,0,1,-2,-2,0,4,17,19,2186
2215217565,3,-1,2,1,1,3,-13,-10,2187
2215217565,0,0,-6,-2,-1,2,9,5,2188
2215224888,-3,-6,3,-2,-3,0,34,-8,2189
2215224888,-7,-4,-4,-6,-8,-17,-24,-11,2190
2215226542,4,3,-1,-1,0,5,25,16,2191
2215226542,1,-1,-2,3,2,5,5,-13,2192
2215247460,-4,-3,1,-2,1,1,-17,4,2193
2215247460,2,-2,0,-4,-2,-7,-14,-5,2194
2215249074,2,0,-5,-1,3,2,8,-2,2195
2215249074,15,1,-1,-3,-3,-3,-2,-14,2196
2215269870,-11,-1,3,2,0,2,17,14,2197
2215269870,-9,-2,0,0,1,3,-21,-13,2198
2215271524,-3,-2,-3,0,-2,-3,-18,-20,2199
2215271524,0,-3,-4,-2,1,1,19,6,2200
2215284924,5,5,4,2,-3,-8,-47,-9,2201
2215284924,6,-5,-3,1,2,5,7,4,2202
2215286588,2,0,0,-2,1,0,2,-3,2203
2215286588,-3,0,-3,1,0,0,0,6,2204
2215307428,1,0,3,0,0,-1,2,-1,2205
2215307428,-1,3,-2,2,4,14,36,4,2206
2215309047,-3,-2,3,-5,-7,-25,-97,-23,2207
2215309047,-2,-2,-12,-2,-3,-6,23,25,2208
2215330529,-4,-3,-1,-4,-4,-3,-16,-13,2209
2215330529,1,1,0,-1,-2,4,7,7,2210
2215331956,1,1,0,3,5,9,37,13,2211
2215331956,0,1,0,2,0,-2,-24,1,2212
2215343943,1,-1,-2,-5,-1,-5,-5,-14,2213
2215343943,3,-3,-5,-2,-2,-2,-5,-13,2214
2215352622,-8,-1,1,0,1,3,7,-8,2215
2215352622,-3,0,-2,-1,-3,-4,-4,-1,2216
2215367474,11,1,0,0,-1,2,16,12,2217
2215367474,-3,0,-1,0,0,-2,-13,-10,2218
2215369191,1,-2,-2,-1,-2,-2,6,-4,2219
2215369191,-2,-1,-1,-1,-1,-1,3,6,2220
2215390047,1,-2,0,-1,0,1,-8,-8,2221
2215390047,-2,2,0,-1,-1,-3,-9,3,2222
2215391593,0,0,-2,1,-1,3,12,4,2223
2215391593,-1,0,2,1,2,1,8,1,2224
2215404268,0,-1,-1,-1,-3,-4,-4,4,2225
2215404268,-5,-1,-2,-1,-2,-5,-23,-23,2226
2215411093,0,0,-1,1,1,3,9,-14,2227
2215411093,-2,-3,1,0,-2,2,1,-4,2228
2215435316,5,0,-1,1,-1,0,19,2,2229
2215435316,-4,2,3,0,2,-5,0,34,2230
2215441259,-7,-6,-3,-5,-4,-4,-8,-9,2231
2215441259,0,0,1,0,-1,-1,-26,-12,2232
2215457421,-2,-3,-2,-1,-1,1,14,6,2233
2215457421,0,0,0,3,1,2,9,6,2234
2215459070,3,0,-1,-4,-1,-1,1,4,2235
2215459070,-1,-1,0,0,-1,-3,-1,4,2236
2215464315,3,3,4,-1,-2,0,-11,-4,2237
2215464315,-7,-5,-15,-5,0,1,-7,-6,2238
2215471072,-5,0,4,3,1,2,25,8,2239
2215471072,-3,-10,-3,1,-2,-5,-28,-9,2240
2215487573,3,7,-1,-3,1,3,3,-4,2241
2215487573,-3,-2,5,-1,-4,-9,-20,-4,2242
2215489030,2,1,-1,-1,-1,3,13,3,2243
2215489030,1,1,2,1,4,18,15,7,2244
2215509879,-1,-2,0,3,5,-8,-13,-1,2245
2215509879,-7,-5,-5,-7,-14,-29,-60,-14,2246
2215511577,0,-4,-2,-2,-3,3,19,14,2247
2215511577,3,2,0,-2,-1,-3,4,8,2248
2215524174,1,-3,-2,2,1,9,6,-2,2249
2215524174,6,4,3,5,6,10,26,2,2250
2215531142,3,-1,-1,1,-1,-8,-16,4,2251
2215531142,1,0,-1,-4,-3,-2,-5,-8,2252
2215547417,-7,-2,1,0,-1,0,-4,21,2253
2215547417,5,2,3,0,0,2,20,2,2254
2215549024,-3,-3,-2,-1,-2,1,-6,-1,2255
2215549024,1,2,0,0,-1,0,18,8,2256
2215569900,2,0,-1,3,1,-3,-7,-13,2257
2215569900,-2,-2,-4,-6,-3,3,9,-5,2258
2215571555,3,-3,-2,-1,0,4,14,9,2259
2215571555,-8,-2,-2,-3,-2,-11,-31,-16,2260
2215584216,-4,-6,-3,-1,-4,-4,9,1,2261
2215584216,5,3,0,0,3,10,19,8,2262
2215591257,4,2,0,1,1,3,7,-10,2263
2215591257,0,0,-2,1,-1,-6,-27,-5,2264
2215607377,-11,-5,-5,-5,-7,-6,-2,-3,2265
2215607377,-2,-2,-1,-2,0,9,47,3,2266
2215609053,-2,-1,-2,-3,-1,-7,-46,-10,2267
2215609053,-4,1,0,-1,-1,1,0,1,2268
2215630441,3,1,0,-2,1,3,-4,5,2269
2215630441,0,-2,1,1,2,-2,-2,-2,2270
2215632002,-3,-2,0,0,-1,3,5,-1,2271
2215632002,-3,-2,-3,-3,-3,-6,1,-2,2272
2215644334,0,-1,1,-1,-1,1,-4,-7,2273
2215644334,1,-1,-1,0,-2,1,3,2,2274
2215651035,-2,1,0,0,-1,-1,2,-3,2275
2215651035,0,-2,0,0,-1,2,18,4,2276
2215667367,-4,-2,-1,-2,-3,-2,-5,5,2277
2215667367,1,-2,-1,-1,-2,-4,-4,17,2278
2215669019,2,4,-1,0,0,-1,-4,0,2279
2215669019,-6,-3,-3,-2,-1,-1,-10,-4,2280
2215689915,5,-1,0,0,-1,-3,14,8,2281
2215689915,0,1,2,2,3,6,-2,-16,2282
2215691552,-11,0,1,0,-1,-6,7,8,2283
2215691552,0,0,-1,-2,-1,2,-3,-1,2284
2215703554,0,-2,-2,0,-1,-3,-18,-14,2285
2215703554,-1,-1,0,0,1,1,0,-2,2286
2215712665,4,0,-3,0,0,1,8,-8,2287
2215712665,0,0,0,-2,-3,-3,13,0,2288
2215727412,-4,-2,-1,-2,-1,2,2,-5,2289
2215727412,-2,0,1,0,-1,-6,-31,-7,2290
2215729144,1,-1,0,-1,-2,3,1,4,2291
2215729144,0,1,-1,-2,-3,-3,7,9,2292
2215749881,2,1,-1,-2,1,1,0,-10,2293
2215749881,0,-1,-3,-1,-1,0,-7,4,2294
2215751553,0,-2,-2,-2,-4,-3,17,1,2295
2215751553,-2,-2,-2,1,-2,-1,-4,-2,2296
2215763571,-1,1,1,1,0,-2,-4,-6,2297
2215763571,0,1,0,2,0,2,17,4,2298
2215772562,-1,0,0,-1,-2,-2,-10,-6,2299
2215772562,-2,2,1,-1,-1,-4,0,-9,2300
2215787508,-6,-12,-3,0,-2,-2,-9,4,2301
2215787508,-2,5,1,-1,0,2,6,-9,2302
2215789164,3,-2,0,0,1,2,8,3,2303
2215789164,-2,0,-1,-2,-1,1,0,-6,2304
2215809909,2,0,0,0,0,1,2,-7,2305
2215809909,-2,-6,-3,-2,-2,-7,-12,5,2306
2215811556,-3,-2,-2,-3,-3,-3,-6,-21,2307
2215811556,7,0,-1,0,3,2,4,19,2308
2215823572,-4,0,-1,-2,0,-3,0,-10,2309
2215823572,-2,-6,-4,-3,-6,-8,6,13,2310
2215832555,0,0,0,-2,-1,-1,-15,9,2311
2215832555,0,-4,0,-1,-1,-2,5,2,2312
2215847371,2,3,-1,-2,-1,4,3,-7,2313
2215847371,1,2,1,0,1,2,4,-2,2314
2215848954,-2,-4,-3,-3,-2,-7,-9,-3,2315
2215848954,-3,-1,0,1,0,4,2,-1,2316
2215869901,-1,1,-1,-1,-1,-3,-7,2,2317
2215869901,-2,-1,-1,0,0,4,-3,-7,2318
2215871680,6,-1,0,-3,0,-4,-18,-1,2319
2215871680,-5,-4,-3,-4,-2,-2,11,-4,2320
2215883707,0,0,-1,-2,-1,-1,4,5,2321
2215883707,0,1,-1,-1,0,0,-1,-3,2322
2215892576,1,1,1,2,1,3,15,9,2323
2215892576,-8,2,0,0,0,-3,-9,-10,2324
2215907336,-3,-6,-2,0,-2,-2,3,10,2325
2215907336,1,-1,0,-2,-1,2,14,7,2326
2215908970,4,2,0,0,0,2,-1,3,2327
2215908970,-2,-1,-2,-1,-1,1,13,6,2328
2215930014,-4,1,-1,0,0,-5,-31,-26,2329
2215930014,2,-1,-2,-2,-2,0,21,14,2330
2215931565,5,0,-1,0,-1,-2,2,7,2331
2215931565,2,-1,1,0,-1,-1,0,-2,2332
2215943622,0,3,0,-1,1,5,15,3,2333
2215943622,2,0,-1,1,-1,-4,-37,-7,2334
2215952545,-6,-3,-2,-2,-1,-2,6,-6,2335
2215952545,3,-1,1,-1,-1,-7,-39,-11,2336
2215967388,-1,-1,0,-3,-2,-2,17,10,2337
2215967388,-2,-1,1,0,1,3,-9,-13,2338
2215969054,-5,-2,1,-4,0,-2,-2,-2,2339
2215969054,1,0,-2,-1,1,2,4,0,2340
2215998404,-1,0,-3,-1,-4,-2,-6,0,2341
2215998404,4,-2,-1,-4,-3,-4,-1,9,2342
2216000166,-8,-3,-2,0,-2,-2,-7,-22,2343
2216000166,0,-2,-1,-3,-4,-3,-1,-3,2344
2216003588,1,0,0,-1,0,-1,0,7,2345
2216003588,-1,1,1,1,0,1,14,-13,2346
2216012553,-1,-1,-1,1,0,-2,-6,1,2347
2216012553,-4,-3,-3,-4,-5,-3,5,-5,2348
2216027330,-4,-3,-2,-2,-4,-2,-3,7,2349
2216027330,0,-1,-2,-1,1,1,6,1,2350
2216029028,-1,-1,-2,-2,0,0,-5,-2,2351
2216029028,-3,1,0,1,-1,-1,-3,-4,2352
2216049880,5,0,0,0,-2,-2,9,-2,2353
2216049880,-6,-1,-2,0,-2,-8,-38,-10,2354
2216051555,5,1,0,2,1,5,7,1,2355
2216051555,-6,-3,-4,-1,0,0,-21,-4,2356
2216063621,-4,-2,-1,-3,-4,-12,1,-7,2357
2216063621,-8,-2,-1,-1,-4,-4,7,-10,2358
2216072544,-1,0,-1,-2,-3,-2,-2,2,2359
2216072544,4,1,0,0,1,-1,1,5,2360
2216087477,4,0,1,0,3,5,0,12,2361
2216087477,-2,0,0,-1,1,1,11,-5,2362
2216088989,-5,-3,-1,-1,-3,-7,-35,-13,2363
2216088989,3,0,0,0,0,3,6,9,2364
2216117337,-4,-1,-1,0,-1,-3,-11,-18,2365
2216117337,8,1,1,2,1,4,26,13,2366
2216118989,-6,-1,-6,-4,-3,-6,-22,-23,2367
2216118989,-6,-3,1,-1,-2,-2,-4,2,2368
2216123674,3,2,-1,-1,0,2,-2,-4,2369
2216123674,-5,-11,-4,-2,-3,-4,-8,7,2370
2216132543,2,1,0,3,2,4,13,2,2371
2216132543,2,2,-1,-1,-1,0,4,-1,2372
2216147399,-3,-1,-1,0,1,2,1,-5,2373
2216147399,0,1,-2,-1,0,4,-10,-4,2374
2216148993,-3,-3,0,-3,-2,-9,6,1,2375
2216148993,-5,-2,-3,-4,-5,-4,0,6,2376
2216169939,-2,-2,-1,-1,1,2,-3,-34,2377
2216169939,1,0,1,1,0,0,-21,9,2378
2216171527,-2,-1,-1,-2,0,4,20,-6,2379
2216171527,4,2,2,1,1,3,-5,-4,2380
2216192380,-2,-3,-3,-1,-2,0,7,13,2381
2216192380,1,-1,-3,-3,-3,-6,6,-4,2382
2216194023,1,0,3,2,1,5,14,11,2383
2216194023,-3,-1,-1,0,-2,0,4,-7,2384
2216207495,3,1,0,0,2,2,6,24,2385
2216207495,-2,1,1,0,1,0,-12,-13,2386
2216209064,1,-3,-2,0,-2,0,7,9,2387
2216209064,-1,0,-2,-2,-1,0,11,-3,2388
2216229950,0,-3,-2,0,-1,-2,-8,-5,2389
2216229950,-1,0,-2,-2,-1,-3,6,1,2390
2216231597,1,-1,-1,0,0,0,-3,3,2391
2216231597,-6,0,0,1,2,-1,-4,-3,2392
2216252132,-4,0,0,-3,-2,1,10,2,2393
2216252132,9,4,-1,0,0,-3,-28,-3,2394
2216258562,-12,-6,-2,-3,-1,-4,-3,-2,2395
2216258562,0,-2,0,-1,0,2,17,-1,2396
2216267358,1,-1,1,-2,-1,-1,3,15,2397
2216267358,-3,3,0,0,1,4,10,-10,2398
2216269028,2,0,-3,-2,-4,-7,-27,-5,2399
2216269028,5,-1,-1,0,-1,1,16,1,2400
2216289855,1,2,2,1,0,-4,-5,-8,2401
2216289855,-14,-7,-6,-5,-7,-9,-4,-19,2402
2216291678,5,1,0,-1,-1,2,-7,15,2403
2216291678,-4,-2,-1,0,0,1,20,-11,2404
2216312370,2,-1,0,0,0,-8,-93,-20,2405
2216312370,1,-1,-1,-3,0,5,34,15,2406
2216313999,-1,0,0,0,0,-1,2,-5,2407
2216313999,2,0,0,-2,0,2,-5,1,2408
2216326782,-1,0,-1,-1,-2,0,15,1,2409
2216326782,-2,0,2,-1,1,-2,-9,0,2410
2216333594,-3,-3,-3,-2,1,4,8,-5,2411
2216333594,1,0,-3,-3,-1,0,-10,3,2412
2216357386,-3,-1,3,3,2,4,10,-6,2413
2216357386,-1,-2,-1,0,-4,-4,4,-3,2414
2216358989,3,2,-1,-1,-1,2,10,4,2415
2216358989,1,-1,0,1,0,-4,-15,-8,2416
2216372391,-9,-5,-6,-3,-4,-5,9,7,2417
2216372391,4,2,0,1,3,7,9,12,2418
2216374098,-10,-4,-3,-1,-4,-9,-26,-28,2419
2216374098,1,-2,-3,-3,-3,-3,4,19,2420